% Model:              B0-sweep_MappedMesh.mph
% Version:            COMSOL 6.4.0.293
% Date:               May 2 2026, 14:12
% Dimension:          2
% Nodes:              1421
% Expressions:        3
% Description:        Current density, r-component, Velocity field, phi-component, z-coordinate
% Length unit:        mm
% r                       z                        ec.Jr (A/m^2)            v (m/s)                  z (mm)
0.10002714467698277       0.5                      20.984216130624045       -1.794953371241322E-7    0.5
0.10005428935396561       0.5                      20.97853051248311        -3.5899062181938017E-7   0.5
0.09999999999999998       0.5                      20.98991043848178        -5.242879999999971E-14   0.5
0.10008157012755861       0.5                      20.97282236060304        -5.390931967934651E-7    0.5
0.10010885090115157       0.5                      20.967114269489294       -7.191957717674098E-7    0.5
0.10013626845370902       0.5                      20.961383514312416       -8.99906114743206E-7     0.5
0.10016368600626649       0.5                      20.955652880661237       -1.080616457719085E-6    0.5
0.10019124102356386       0.5                      20.949899482443577       -1.2619350279107458E-6   0.5
0.1002187960408612        0.5                      20.944146111591127       -1.4432535981022257E-6   0.5
0.10024648921211227       0.5                      20.938369879557943       -1.6251808359744468E-6   0.5
0.10027418238336333       0.5                      20.93259378780613        -1.8071080738465988E-6   0.5
0.10030201440123737       0.5                      20.926794659575997       -1.9896444008704874E-6   0.5
0.10032984641911143       0.5                      20.920995628850815       -2.1721807278943103E-6   0.5
0.10035781797975063       0.5                      20.91517347375924        -2.3553265463026598E-6   0.5
0.10038578954038985       0.5                      20.909351456294385       -2.5384723647109262E-6   0.5
0.10041390134342673       0.5                      20.903506160442404       -2.7222280572511508E-6   0.5
0.1004420131464636        0.5                      20.897661016740244       -2.9059837497913143E-6   0.5
0.10047026589503834       0.5                      20.89179249818926        -3.0903496794753915E-6   0.5
0.10049851864361309       0.5                      20.885924096111943       -3.2747156091594077E-6   0.5
0.10052691304439136       0.5                      20.88003224766254        -3.4596921190136046E-6   0.5
0.1005553074451696        0.5                      20.874140470106113       -3.6446686288677325E-6   0.5
0.10058384420836004       0.5                      20.868225145782674       -3.830256041679024E-6    0.5
0.10061238097155052       0.5                      20.862309891884436       -4.01584345449025E-6     0.5
0.10064106081092267       0.5                      20.856370972181168       -4.202042072550728E-6    0.5
0.1006697406502948        0.5                      20.8504321471071         -4.388240690611154E-6    0.5
0.10069856428319665       0.5                      20.84446950752674        -4.575050795460573E-6    0.5
0.10072738791609848       0.5                      20.838506955464695       -4.761860900309915E-6    0.5
0.10075635606347488       0.5                      20.83252052031071        -4.949282752478108E-6    0.49999999999999994
0.10078532421085129       0.5                      20.82653411204815        -5.1367046046462485E-6   0.5
0.10081443759726155       0.5                      20.820523700663927       -5.324738443389373E-6    0.5
0.1008435509836718        0.5                      20.81451336565074        -5.512772282132463E-6    0.49999999999999994
0.10087281033730809       0.5                      20.808478884264858       -5.701418325171719E-6    0.49999999999999994
0.10090206969094438       0.5                      20.80244446715642        -5.890064368210914E-6    0.5
0.10093147574364977       0.5                      20.79638579405089        -6.079322811465612E-6    0.5
0.10096088179635516       0.5                      20.790327172727658       -6.268581254720257E-6    0.5
0.10099043528364207       0.5                      20.78424414481458        -6.458452272041426E-6    0.5
0.10101998877092895       0.5                      20.77816123987394        -6.648323289362531E-6    0.5
0.10104969043199744       0.5                      20.772053768895773       -6.838807032262789E-6    0.5
0.10107939209306589       0.5                      20.765946382381287       -7.0292907751629995E-6   0.5
0.10110924267082214       0.5                      20.75981430081339        -7.220387372545024E-6    0.5
0.10113909324857838       0.5                      20.75368234127339        -7.411483969927014E-6    0.5
0.10116909348965333       0.5                      20.747525599046327       -7.603193527809695E-6    0.5
0.1011990937307283        0.5                      20.74136892634145        -7.794903085692316E-6    0.5
0.10122924438549645       0.5                      20.735187329110744       -7.98722568693589E-6     0.5
0.10125939504026456       0.5                      20.729005785194232       -8.1795482881794E-6      0.5
0.10128969686286234       0.5                      20.722799195856282       -8.372483992205672E-6    0.5
0.10131999868546011       0.5                      20.716592717736305       -8.565419696231907E-6    0.5
0.10135045243380529       0.5                      20.710361034269255       -8.758968538746945E-6    0.5
0.10138090618215047       0.5                      20.704129438612597       -8.95251738126192E-6     0.5
0.10141151261796058       0.5                      20.697872506901774       -9.146679373971068E-6    0.5
0.10144211905377068       0.5                      20.691615650041868       -9.340841366680074E-6    0.49999999999999994
0.10147287894258247       0.5                      20.685333324293254       -9.535616497005822E-6    0.5
0.10150363883139424       0.5                      20.67905108457208        -9.730391627331628E-6    0.5
0.10153455294258258       0.5                      20.672743273796414       -9.925779858126643E-6    0.5
0.10156546705377095       0.5                      20.66643552341681        -1.0121168088921634E-5   0.5
0.10159653616056827       0.5                      20.6601020212276         -1.031716935818015E-5    0.5
0.10162760526736556       0.5                      20.65376860058278        -1.051317062743863E-5    0.5
0.10165883014688094       0.5                      20.64740930831485        -1.070978484800586E-5    0.5
0.10169005502639633       0.5                      20.641050060792054       -1.0906399068573048E-5   0.5
0.1017214364596352        0.5                      20.634664826976604       -1.1103626127852618E-5   0.5
0.10175281789287405       0.5                      20.62827960281524        -1.1300853187132143E-5   0.5
0.10178435666475755       0.5                      20.62186825909052        -1.149869294679127E-5    0.5
0.101815895436641         0.5                      20.615457022395674       -1.169653270645036E-5    0.5
0.1018475923360257        0.5                      20.609019384064624       -1.1894985002122467E-5   0.5
0.10187928923541034       0.5                      20.602581894778325       -1.2093437297794534E-5   0.5
0.10191114505510784       0.5                      20.596117911774485       -1.2292501938780484E-5   0.5
0.10194300087480535       0.5                      20.58965402304983        -1.2491566579766386E-5   0.5
0.10197501641160234       0.5                      20.58316349478841        -1.2691243348732825E-5   0.5
0.10200703194839933       0.5                      20.576673038427828       -1.289092011769923E-5    0.5
0.10203920800307735       0.5                      20.570155829715645       -1.3091208770375374E-5   0.5
0.10207138405775537       0.5                      20.563638706484483       -1.3291497423051457E-5   0.5
0.10210372143511082       0.5                      20.557094649646842       -1.3492397687922731E-5   0.5
0.10213605881246626       0.5                      20.55055065725179        -1.3693297952794055E-5   0.5
0.1021685583213307        0.5                      20.54397955068282        -1.3894809530795479E-5   0.5
0.10220105783019512       0.5                      20.537408551391536       -1.409632110879673E-5    0.5
0.10223372028345527       0.5                      20.530810316667385       -1.4298443673001164E-5   0.5
0.10226638273671537       0.5                      20.5242121987543         -1.450056623720562E-5    0.5
0.10229920895133357       0.5                      20.517586604092628       -1.4703299432512844E-5   0.5
0.10233203516595174       0.5                      20.510961128448855       -1.4906032627820014E-5   0.5
0.10236502596298647       0.5                      20.504308100780577       -1.5109376070642415E-5   0.5
0.10239801676002122       0.5                      20.497655161584362       -1.5312719513464812E-5   0.5
0.10243117296464746       0.5                      20.490974454115758       -1.551667279140951E-5    0.5
0.10246432916927373       0.5                      20.484293851100887       -1.572062606935417E-5    0.5
0.10249765161080372       0.5                      20.477585341357894       -1.5925188740905216E-5   0.49999999999999994
0.10253097405233373       0.5                      20.470876891957573       -1.6129751412456238E-5   0.5
0.10256446356423769       0.5                      20.464140402738906       -1.633492300665341E-5    0.5
0.10259795307614165       0.5                      20.457404026583106       -1.6540094600850646E-5   0.5
0.10263161049606848       0.5                      20.45063935730724        -1.674587461696568E-5    0.5
0.10266526791599531       0.5                      20.44387481337293        -1.6951654633080634E-5   0.5
0.10269909408579386       0.5                      20.437081839564144       -1.7158042540292843E-5   0.5
0.10273292025559243       0.5                      20.430288998932014       -1.736443044750503E-5    0.5
0.10276691602133231       0.5                      20.42346752242912        -1.7571425684573052E-5   0.5
0.10280091178707218       0.5                      20.416646126105547       -1.7778420921641053E-5   0.5
0.1028350779990649        0.5                      20.409796005960118       -1.7986022896572395E-5   0.5
0.10286924421105761       0.5                      20.40294599490153        -1.8193624871503635E-5   0.5
0.10290358172387795       0.5                      20.39606701202439        -1.8401832961223537E-5   0.5
0.10293791923669834       0.5                      20.38918810625941        -1.8610041050943487E-5   0.5
0.10297242890920577       0.5                      20.382280075634696       -1.881885460096048E-5    0.5
0.10300693858171321       0.5                      20.37537216981798        -1.9027668150977416E-5   0.5
0.1030416212770733        0.5                      20.368434909739904       -1.9237086475046598E-5   0.5
0.10307630397243339       0.5                      20.361497801777375       -1.9446504799115814E-5   0.5
0.10311116055813938       0.5                      20.354531164600758       -1.9656527178900166E-5   0.5
0.10314601714384533       0.5                      20.347564652034777       -1.986654955868452E-5    0.5
0.10318104849173979       0.5                      20.340568439445974       -2.007717524341372E-5    0.5
0.10321607983963423       0.5                      20.333572328464015       -2.028780092814293E-5    0.5
0.10325128682593104       0.5                      20.326546339617153       -2.0499029134271254E-5   0.5
0.10328649381222788       0.5                      20.31952048415721        -2.0710257340399556E-5   0.49999999999999994
0.10332187731753392       0.5                      20.312464505231333       -2.092208725125868E-5    0.5
0.10335726082284          0.5                      20.30540866337634        -2.1133917162117882E-5   0.5
0.1033928217321775        0.5                      20.29832251574669        -2.1346347927571362E-5   0.49999999999999994
0.10342838264151495       0.5                      20.291236558149762       -2.155877869302476E-5    0.5
0.10346412184434321       0.5                      20.28412009744568        -2.177180942911662E-5    0.5
0.10349986104717143       0.5                      20.27700374900826        -2.198484016520846E-5    0.5
0.10353577943740924       0.5                      20.269856766716543       -2.2198469953811367E-5   0.5
0.10357169782764707       0.5                      20.26270985167821        -2.2412099742414267E-5   0.5
0.10360779630369538       0.5                      20.255532064395766       -2.2626327630876893E-5   0.5
0.10364389477974367       0.5                      20.248354405822766       -2.284055551933951E-5    0.5
0.10368017424450751       0.5                      20.241145696124306       -2.3055380520127596E-5   0.5
0.10371645370927138       0.5                      20.233937109801218       -2.3270205520915593E-5   0.5
0.10375291507018285       0.5                      20.226697225126827       -2.348562661125498E-5    0.5
0.10378937643109432       0.5                      20.21945744336861        -2.370104770159445E-5    0.5
0.10382602060013518       0.5                      20.21218619359678        -2.3917063823109956E-5   0.5
0.10386266476917602       0.5                      20.204915041822375       -2.4133079944625438E-5   0.5
0.10389949266290041       0.5                      20.19761220948442        -2.434969000297716E-5    0.5
0.10393632055662479       0.5                      20.190309502195817       -2.4566300061328888E-5   0.5
0.10397333309618219       0.5                      20.182974866398297       -2.4783502925847177E-5   0.5
0.10401034563573959       0.5                      20.175640385883128       -2.5000705790365453E-5   0.5
0.10404754374689806       0.5                      20.168273704622834       -2.521850029368419E-5    0.5
0.10408474185805652       0.5                      20.160907223959327       -2.5436294797002854E-5   0.5
0.10412212647122547       0.5                      20.153508363926733       -2.5654679734688E-5      0.5
0.10415951108439445       0.5                      20.146109594485438       -2.587306467237321E-5    0.5
0.10419708313464826       0.5                      20.13867828664661        -2.609203880255275E-5    0.5
0.10423465518490213       0.5                      20.131247138676144       -2.6311012932732385E-5   0.5
0.10427241561200344       0.5                      20.12378317154662        -2.6530574975721303E-5   0.5
0.10431017603910475       0.5                      20.116319275754222       -2.6750137018710112E-5   0.5
0.10434812578752786       0.5                      20.10882242559967        -2.697028565663407E-5    0.5
0.10438607553595099       0.5                      20.10132564589486        -2.719043429455809E-5    0.5
0.10442421555490558       0.5                      20.09379561759249        -2.7411168170975246E-5   0.5
0.10446235557386015       0.5                      20.086265732849995       -2.763190204739241E-5    0.5
0.10450068681731503       0.5                      20.078702356831855       -2.7853219766912932E-5   0.5
0.10453901806076987       0.5                      20.071139124255126       -2.8074537486433462E-5   0.5
0.1045775414874767        0.5                      20.063542160673137       -2.829643761433609E-5    0.5
0.10461606491418353       0.5                      20.055945308318996       -2.851833774223873E-5    0.5
0.10465478148770105       0.5                      20.048314514222398       -2.874081880408687E-5    0.5
0.10469349806121858       0.5                      20.04068384979894        -2.896329986593502E-5    0.5
0.10473240874993646       0.5                      20.033018960153186       -2.91863603471884E-5     0.5
0.10477131943865434       0.5                      20.025354209062925       -2.940942082844179E-5    0.5
0.10481042521581763       0.5                      20.01765504836669        -2.9633059174068693E-5   0.5
0.10484953099298093       0.5                      20.009955969217458       -2.9856697519695608E-5   0.5
0.10488883283671413       0.5                      20.00222219773252        -3.008091213377987E-5    0.5
0.10492813468044737       0.5                      19.994488562052425       -3.0305126747864176E-5   0.5
0.10496763357377929       0.5                      19.98672001074283        -3.052991599321344E-5    0.5
0.10500713246711116       0.5                      19.978951525819753       -3.075470523856268E-5    0.5
0.10504682939799895       0.5                      19.97114789913178        -3.098006743631093E-5    0.5
0.10508652632888676       0.5                      19.963344388383348       -3.120542963405919E-5    0.5
0.10512642229024129       0.5                      19.95550541971363        -3.143136306327114E-5    0.5
0.10516631825159581       0.5                      19.94766654734366        -3.165729649248311E-5    0.5
0.10520641424130579       0.5                      19.93979202590117        -3.1883799389751963E-5   0.5
0.10524651023101582       0.5                      19.93191760673085        -3.2110302287020816E-5   0.5
0.10528680725197348       0.5                      19.92400721831075        -3.2337372846069013E-5   0.5
0.10532710427293117       0.5                      19.916096927962712       -3.2564443405117285E-5   0.5
0.10536760333305673       0.5                      19.908150441459043       -3.279207977639037E-5    0.5
0.1054081023931823        0.5                      19.90020406580055        -3.301971614766343E-5    0.5
0.10544880450544952       0.5                      19.89222116338283        -3.324791643792521E-5    0.5
0.1054895066177168        0.5                      19.884238400594256       -3.347611672818707E-5    0.5
0.10553041280017836       0.5                      19.87621884939915        -3.3704879000111726E-5   0.49999999999999994
0.1055713189826399        0.5                      19.86819943069662        -3.3933641272036336E-5   0.5
0.10561243025845253       0.5                      19.86014298689338        -3.416296354379735E-5    0.5
0.1056535415342652        0.5                      19.852086652869332       -3.4392285815558374E-5   0.5
0.1056948589317156        0.5                      19.843992977740186       -3.462216606041707E-5    0.5
0.10573617632916603       0.5                      19.83589942546439        -3.4852046305275774E-5   0.5
0.10577770088169647       0.5                      19.827768249182782       -3.508248245116797E-5    0.5
0.10581922543422691       0.5                      19.819637236978963       -3.531291859706013E-5    0.5
0.1058609581804611        0.5                      19.81146831082026        -3.5543908526178445E-5   0.5
0.10590269092669527       0.5                      19.803299468533396       -3.577489845529691E-5    0.5
0.10594463291046424       0.5                      19.795092492399135       -3.6006440003674514E-5   0.5
0.1059865748942332        0.5                      19.78688562496967        -3.623798155205212E-5    0.5
0.10602872716460154       0.5                      19.778640273933092       -3.647007250914135E-5    0.5
0.10607087943496987       0.5                      19.77039501309264        -3.6702163466230544E-5   0.5
0.10611324304626187       0.5                      19.762111033290125       -3.6934801574481584E-5   0.49999999999999994
0.1061556066575539        0.5                      19.753827155154113       -3.716743968273272E-5    0.5
0.10619818266938003       0.5                      19.745504169777178       -3.740062263717053E-5    0.5
0.10624075868120617       0.5                      19.73718134572556        -3.763380559160828E-5    0.5
0.10628354815848959       0.5                      19.72881912480443        -3.786753103940576E-5    0.5
0.10632633763577298       0.5                      19.720457050704624       -3.810125648720336E-5    0.5
0.10636934164877587       0.5                      19.712055270851124       -3.83355220272541E-5     0.5
0.10641234566177878       0.5                      19.703653624224387       -3.856978756730487E-5    0.5
0.1064555652861296        0.5                      19.695211992808026       -3.880459074979467E-5    0.5
0.1064987849104804        0.5                      19.686770449638175       -3.90393939322845E-5     0.5
0.10654222122720036       0.5                      19.678288604509248       -3.927473225825894E-5    0.49999999999999994
0.10658565754392034       0.5                      19.66980688801101        -3.951007058423342E-5    0.5
0.10662931163945076       0.5                      19.66128452797534        -3.974594150516588E-5    0.5
0.10667296573498117       0.5                      19.65276231953203        -3.998181242609834E-5    0.5
0.1067168387012104        0.5                      19.644199122583473       -4.0218213343454326E-5   0.5
0.10676071166743957       0.5                      19.635636098672194       -4.045461426081023E-5    0.5
0.10680480460173049       0.5                      19.627031790813362       -4.06915425256118E-5     0.5
0.1068488975360214        0.5                      19.618427590410306       -4.0928470790413556E-5   0.5
0.10689321154123872       0.5                      19.609781753356174       -4.116592370280062E-5    0.5
0.10693752554645608       0.5                      19.601136083883546       -4.140337661518771E-5    0.5
0.10698206173099409       0.5                      19.592448417361993       -4.1641351423977975E-5   0.5
0.10702659791553207       0.5                      19.58376093615061        -4.187932623276821E-5    0.5
0.1070713573933422        0.5                      19.57503115366262        -4.2117820135015866E-5   0.5
0.10711611687115231       0.5                      19.56630148451626        -4.235631403726361E-5    0.5
0.10716110076177113       0.5                      19.557529209101972       -4.2595324177816537E-5   0.5
0.10720608465238995       0.5                      19.54875704570111        -4.283433431836949E-5    0.5
0.10725129408096698       0.5                      19.539941917101373       -4.307385778942307E-5    0.5
0.10729650350954405       0.5                      19.53112691989054        -4.331338126047671E-5    0.5
0.10734193960687016       0.5                      19.522268580142054       -4.3553415101129245E-5   0.5
0.10738737570419629       0.5                      19.513410373680756       -4.379344894178178E-5    0.5
0.10743303960673181       0.5                      19.504508507319656       -4.403399013758526E-5    0.5
0.10747870350926736       0.5                      19.49560676276809        -4.427453133338886E-5    0.5
0.10752459635917055       0.5                      19.486660973196194       -4.4515576815900155E-5   0.49999999999999994
0.10757048920907372       0.5                      19.477715314635248       -4.475662229841142E-5    0.5
0.1076166121542293        0.5                      19.468725254376523       -4.499816894474107E-5    0.5
0.10766273509938488       0.5                      19.459735327036014       -4.523971559107079E-5    0.5
0.10770908929343279       0.5                      19.45070063104083        -4.548176022343113E-5    0.5
0.10775544348748073       0.5                      19.44166608536483        -4.572380485579152E-5    0.5
0.10780203008984506       0.5                      19.43258636219764        -4.596634424104264E-5    0.5
0.10784861669220938       0.5                      19.423506797037987       -4.6208883626293794E-5   0.5
0.10789543686812712       0.5                      19.414381696463238       -4.645191447548814E-5    0.5
0.10794225704404486       0.5                      19.405256756592905       -4.669494532468252E-5    0.5
0.10798931196459532       0.5                      19.396085893096824       -4.6938464292609124E-5   0.5
0.10803636688514577       0.5                      19.386915196948507       -4.7181983260535785E-5   0.5
0.10808365772727974       0.5                      19.377698162750107       -4.742598694526248E-5    0.5
0.10813094856941369       0.5                      19.368481302524913       -4.7669990629989207E-5   0.5
0.10817847651598292       0.5                      19.359217745943056       -4.791447557240362E-5    0.5
0.10822600446255212       0.5                      19.34995434207144        -4.815896051481811E-5    0.5
0.10827377070233876       0.5                      19.340643872795113       -4.840392319816686E-5    0.5
0.10832153694212539       0.5                      19.33133355628388        -4.8648885881515645E-5   0.5
0.108369542669872         0.5                      19.32197572771588        -4.889432273094461E-5    0.5
0.10841754839761861       0.5                      19.31261806542733        -4.913975958037362E-5    0.5
0.1084657948140578        0.5                      19.30321253459215        -4.938566696246418E-5    0.5
0.10851404123049697       0.5                      19.293807109956163       -4.963157434455478E-5    0.5
0.10856252954238158       0.5                      19.284353430381998       -4.987794856686129E-5    0.5
0.10861101785426619       0.5                      19.27489989811653        -5.012432278916788E-5    0.5
0.10865974927439934       0.5                      19.265397635084128       -5.037116009975254E-5    0.5
0.10870848069453251       0.5                      19.255895555770223       -5.06179974103373E-5     0.49999999999999994
0.10875745644179807       0.5                      19.246344341115105       -5.086529399730552E-5    0.49999999999999994
0.10880643218906363       0.5                      19.23679328340654        -5.111259058427377E-5    0.5
0.10885565348845667       0.5                      19.22719269038123        -5.136034257530752E-5    0.5
0.10890487478784976       0.5                      19.217592243739205       -5.160809456634124E-5    0.5
0.10895434287050706       0.5                      19.207941799919126       -5.185629802823149E-5    0.5
0.1090038109531644        0.5                      19.198291544862286       -5.210450149012176E-5    0.5
0.10905352705639547       0.5                      19.18859087990927        -5.2353152428301486E-5   0.5
0.10910324315962655       0.5                      19.17889034600023        -5.2601803366481215E-5   0.5
0.10915320852694443       0.5                      19.169139000505083       -5.285089772455627E-5    0.5
0.10920317389426233       0.5                      19.159387817939546       -5.309999208263146E-5    0.5
0.10925338977541474       0.5                      19.149585334720996       -5.3349525741910964E-5   0.5
0.1093036056565671        0.5                      19.13978299088535        -5.3599059401190455E-5   0.5
0.10935407330756756       0.5                      19.129928941474418       -5.384902818021705E-5    0.5
0.109404540958568         0.5                      19.120075034653496       -5.40989969592437E-5     0.5
0.10945526164172745       0.5                      19.110168956880216       -5.434939661332312E-5    0.5
0.1095059823248869        0.5                      19.100263028294762       -5.459979626740257E-5    0.5
0.10955695730884524       0.5                      19.090304460845346       -5.485062248813259E-5    0.5
0.10960793229280356       0.5                      19.080346075382522       -5.510144870886264E-5    0.5
0.10965916285256133       0.5                      19.070334599484113       -5.535269712366165E-5    0.5
0.10971039341231908       0.5                      19.06032324739749        -5.560394553846071E-5    0.5
0.10976188082926924       0.5                      19.050258338796084       -5.58556117100953E-5     0.5
0.10981336824621937       0.5                      19.04019357139964        -5.610727788172985E-5    0.49999999999999994
0.10986511380817958       0.5                      19.0300747963945         -5.635935730784322E-5    0.5
0.10991685937013973       0.5                      19.019956178304824       -5.6611436733956695E-5   0.5
0.10996886437138437       0.5                      19.009783025281195       -5.686392484659659E-5    0.5
0.11002086937262902       0.5                      18.999610056342704       -5.711641295923653E-5    0.5
0.11007313511392164       0.5                      18.98938207440824        -5.7369305124381476E-5   0.5
0.11012540085521426       0.5                      18.97915425692986        -5.7622197289526457E-5   0.5
0.11017792864384018       0.5                      18.968870952611496       -5.7875488806614526E-5   0.5
0.11023045643246612       0.5                      18.9585878091915         -5.812878032370264E-5    0.5
0.11028324758226503       0.5                      18.948248685584986       -5.838246642515787E-5    0.5
0.11033603873206393       0.5                      18.937909746902847       -5.863615252661312E-5    0.49999999999999994
0.11038909456346277       0.5                      18.927514305665454       -5.8890228377373247E-5   0.49999999999999994
0.1104421503948616        0.5                      18.917119039393583       -5.914430422813344E-5    0.5
0.11049547223490759       0.5                      18.90666680551135        -5.939876492517749E-5    0.5
0.1105487940749536        0.5                      18.89621471486771        -5.965322562222158E-5    0.5
0.11060238325734748       0.5                      18.88570512221918        -5.9908066194097305E-5   0.5
0.11065597243974132       0.5                      18.87519571253108        -6.016290676597314E-5    0.5
0.11070983030487067       0.5                      18.864628308258034       -6.041812217232571E-5    0.5
0.11076368816999997       0.5                      18.854061052225347       -6.0673337578678234E-5   0.5
0.11081781606497262       0.5                      18.843435280923586       -6.092892270977794E-5    0.5
0.1108719439599453        0.5                      18.832809682341917       -6.118450784087763E-5    0.5
0.11092634323862331       0.5                      18.822125045662006       -6.144045751714946E-5    0.5
0.11098074251730132       0.5                      18.81144052471052        -6.16964071934214E-5     0.5
0.11103541454033455       0.5                      18.80069646299603        -6.1952716164974E-5      0.5
0.11109008656336779       0.5                      18.789952549037025       -6.220902513652665E-5    0.5
0.11114503269822822       0.5                      18.77914853829543        -6.246568808268347E-5    0.5
0.1111999788330886        0.5                      18.7683446759022         -6.272235102884033E-5    0.5
0.11125520045410414       0.5                      18.757480168765824       -6.297936255766902E-5    0.5
0.1113104220751197        0.5                      18.74661582559088        -6.323637408649772E-5    0.5
0.11136592056350895       0.5                      18.735690263169317       -6.349372873434316E-5    0.5
0.11142141905189823       0.5                      18.72476487178676        -6.37510833821887E-5     0.5
0.11147719579580487       0.5                      18.713777739177885       -6.400877561320531E-5    0.5
0.11153297253971153       0.5                      18.702790767137913       -6.426646784422194E-5    0.5
0.111589028934239         0.5                      18.691741468118607       -6.452449204990704E-5    0.5
0.11164508532876646       0.5                      18.680692336819675       -6.47825162555922E-5     0.5
0.11170142277601294       0.5                      18.669580329297332       -6.504086675432179E-5    0.5
0.11175776022325945       0.5                      18.658468498753336       -6.529921725305143E-5    0.5
0.11181438013235281       0.5                      18.647293226803413       -6.555788828961512E-5    0.5
0.11187100004144618       0.5                      18.636118091582944       -6.581655932617889E-5    0.5
0.11192790382857938       0.5                      18.624878923768847       -6.607554507131883E-5    0.5
0.11198480761571264       0.5                      18.613639956009138       -6.633453081645883E-5    0.5
0.11204199670417914       0.5                      18.60233638197633        -6.65938253664075E-5     0.5
0.1120991857926456        0.5                      18.59103295434238        -6.685311991635613E-5    0.5
0.11215666161287469       0.5                      18.579664343393006       -6.711271729237727E-5    0.5
0.11221413743310378       0.5                      18.568295863268645       -6.737231466839847E-5    0.5
0.11227190142269672       0.5                      18.556861637842758       -6.763220881632974E-5    0.5
0.11232966541228967       0.5                      18.54542756846729        -6.789210296426105E-5    0.5
0.11238771901605553       0.5                      18.53392710422372        -6.815228775405798E-5    0.5
0.11244577261982136       0.5                      18.522426808462683       -6.841247254385491E-5    0.5
0.11250411728981291       0.5                      18.510859525052183       -6.8672941769136E-5      0.49999999999999994
0.11256246195980447       0.5                      18.499292398442662       -6.89334109944171E-5     0.49999999999999994
0.11262109915535498       0.5                      18.487657684438318       -6.919415837201365E-5    0.49999999999999994
0.1126797363509055        0.5                      18.476023133466356       -6.945490574961023E-5    0.5
0.11273866753866478       0.5                      18.464320358520354       -6.971592491911485E-5    0.5
0.11279759872642406       0.5                      18.452617753818686       -6.997694408861953E-5    0.5
0.11285682538039538       0.5                      18.440846294467292       -7.023822861193984E-5    0.5
0.11291605203436669       0.5                      18.429075032604942       -7.049951313526024E-5    0.5
0.11297557563594371       0.5                      18.417234282434947       -7.076105649617376E-5    0.49999999999999994
0.11303509923752068       0.5                      18.405393691859217       -7.102259985708719E-5    0.49999999999999994
0.11309492127552415       0.5                      18.393483001182858       -7.128439546079831E-5    0.49999999999999994
0.11315474331352768       0.5                      18.38157249619246        -7.154619106450953E-5    0.5
0.11321486528424318       0.5                      18.369591233466963       -7.180823223721057E-5    0.5
0.1132749872549587        0.5                      18.35761013117883        -7.207027340991166E-5    0.5
0.11333541066217372       0.5                      18.34555764913671        -7.233255339834588E-5    0.5
0.11339583406938873       0.5                      18.333505319697906       -7.259483338678012E-5    0.5
0.11345656042443032       0.5                      18.3213809614615         -7.285734535780768E-5    0.5
0.11351728677947191       0.5                      18.30925677559344        -7.311985732883529E-5    0.5
0.1135783176012446        0.5                      18.29705986660906        -7.338259436900289E-5    0.5
0.11363934842301729       0.5                      18.28486313923679        -7.364533140917052E-5    0.5
0.11370068523804099       0.5                      18.27259304614722        -7.390828652428392E-5    0.5
0.11376202205306468       0.5                      18.260323119633767       -7.41712416393974E-5     0.5
0.1138236663955129        0.5                      18.24797913804605        -7.443440775409759E-5    0.5
0.11388531073796113       0.5                      18.23563535756557        -7.469757386879781E-5    0.5
0.1139472641496993        0.5                      18.223216838224744       -7.49609438261405E-5     0.5
0.11400921756143748       0.5                      18.210798505499497       -7.52243137834832E-5     0.5
0.11407148159206164       0.5                      18.198304781209345       -7.548788034452271E-5    0.5
0.11413374562268577       0.5                      18.18581120055285        -7.575144690556221E-5    0.5
0.11419632182956119       0.5                      18.17324154509265        -7.60152027489387E-5     0.5
0.1142588980364366        0.5                      18.160672072644388       -7.627895859231524E-5    0.5
0.11432178798473674       0.5                      18.148025801290487       -7.654289631384591E-5    0.5
0.1143846779330369        0.5                      18.1353797159137         -7.680683403537663E-5    0.5
0.11444788319578275       0.5                      18.122656143245422       -7.707094614765216E-5    0.5
0.11451108845852859       0.5                      18.109932751203928       -7.733505825992776E-5    0.5
0.11457461061662774       0.5                      18.097131160583785       -7.75993371919119E-5     0.5
0.11463813277472686       0.5                      18.084329753546854       -7.786361612389607E-5    0.5
0.11470197341701324       0.5                      18.071449424224284       -7.812805422053097E-5    0.49999999999999994
0.11476581405929961       0.5                      18.058569274302272       -7.83924923171659E-5     0.5
0.11482997478257315       0.5                      18.0456095205941         -7.865708183898129E-5    0.5
0.11489413550584666       0.5                      18.032649938425948       -7.892167136079682E-5    0.5
0.11495861791491324       0.5                      18.019610002618492       -7.918640448352493E-5    0.5
0.11502310032397979       0.5                      18.006570251712674       -7.945113760625301E-5    0.5
0.11508790603169138       0.5                      17.993449415072064       -7.971600642044831E-5    0.5
0.11515271173940296       0.5                      17.980328762000795       -7.998087523464366E-5    0.5
0.11521784236669794       0.5                      17.967126291993054       -8.024587174530776E-5    0.5
0.1152829729939929        0.5                      17.95392399083528        -8.05108682559719E-5     0.5
0.11534843016993673       0.5                      17.940639134007142       -8.077598438218485E-5    0.5
0.11541388734588058       0.5                      17.92735445844619        -8.104110050839784E-5    0.5
0.11547967270770633       0.5                      17.913986477853314       -8.130632808295354E-5    0.5
0.11554545806953209       0.5                      17.900618697050163       -8.157155565750931E-5    0.5
0.11561157326268158       0.5                      17.88716684763085        -8.183688642655886E-5    0.5
0.11567768845583108       0.5                      17.873715162558142       -8.210221719560847E-5    0.5
0.11574413513399592       0.5                      17.860178664756404       -8.236764281830823E-5    0.5
0.11581058181216079       0.5                      17.84664234080583        -8.263306844100802E-5    0.5
0.11587736163732382       0.5                      17.833020450650565       -8.289858048917443E-5    0.5
0.11594414146248683       0.5                      17.819398710074324       -8.316409253734087E-5    0.5
0.11601125610496361       0.5                      17.805690650384122       -8.342968249511235E-5    0.5
0.11607837074744043       0.5                      17.79198273919735        -8.369527245288385E-5    0.5
0.11614582188592115       0.5                      17.778187707690677       -8.396093171638875E-5    0.5
0.11621327302440189       0.5                      17.764392856447103       -8.422659097989367E-5    0.5
0.11628106234599318       0.5                      17.750510082136998       -8.449231085692552E-5    0.5
0.11634885166758452       0.5                      17.73662749516143        -8.475803073395739E-5    0.49999999999999994
0.11641698086785177       0.5                      17.72265621130009        -8.502380244365733E-5    0.49999999999999994
0.11648511006811897       0.5                      17.708685091073676       -8.52895741533573E-5     0.5
0.11655358085112877       0.5                      17.694624489830403       -8.555538882590495E-5    0.5
0.11662205163413857       0.5                      17.68056404230208        -8.582120349845263E-5    0.5
0.11669086571250115       0.5                      17.666413322722065       -8.608705217476245E-5    0.5
0.11675967979086371       0.5                      17.6522627591263         -8.635290085107225E-5    0.49999999999999994
0.11682883888577597       0.5                      17.638021096314333       -8.661877448250024E-5    0.49999999999999994
0.11689799798068824       0.5                      17.623779627328645       -8.688464811392829E-5    0.49999999999999994
0.11696750382197675       0.5                      17.60944624107219        -8.71505375619854E-5     0.49999999999999994
0.11703700966326526       0.5                      17.595113040158253       -8.741642701004252E-5    0.5
0.11710686398942949       0.5                      17.580687093926144       -8.768232304611699E-5    0.5
0.11717671831559369       0.5                      17.566261314383723       -8.794821908219147E-5    0.5
0.11724692287384948       0.5                      17.551742013811918       -8.82141123872798E-5     0.5
0.11731712743210528       0.5                      17.53722287399819        -8.848000569236817E-5    0.5
0.1173876839784286        0.5                      17.522609368681742       -8.874588685681497E-5    0.5
0.11745824052475191       0.5                      17.50799603001269        -8.90117680212618E-5     0.5
0.11752915082392283       0.5                      17.493287488364103       -8.927762754450926E-5    0.5
0.11760006112309375       0.5                      17.478579111111912       -8.954348706775674E-5    0.5
0.1176713269487403        0.5                      17.463774699442183       -8.980931535810198E-5    0.5
0.11774259277438685       0.5                      17.44897045381788        -9.007514364844718E-5    0.5
0.11781421590902977       0.5                      17.434069330972306       -9.034093102281234E-5    0.5
0.11788583904367272       0.5                      17.41916837181691        -9.060671839717754E-5    0.5
0.11795782127876983       0.5                      17.40416969011835        -9.087245508088643E-5    0.5
0.11802980351386691       0.5                      17.389171166902315       -9.113819176459535E-5    0.5
0.11810214664985791       0.5                      17.374074064035085       -9.140386789116321E-5    0.5
0.11817448978584892       0.5                      17.35897713630561        -9.166954401773099E-5    0.5
0.1182471956322004        0.5                      17.343780769826935       -9.193514962866251E-5    0.5
0.11831990147855195       0.5                      17.328584568211          -9.220075523959408E-5    0.5
0.11839297185380293       0.5                      17.313288049495213       -9.246628028419454E-5    0.5
0.11846604222905394       0.5                      17.297991716024967       -9.273180532879507E-5    0.5
0.11853947896086092       0.5                      17.282594212322692       -9.299723966399041E-5    0.5
0.11861291569266792       0.5                      17.267196870005932       -9.326267399918576E-5    0.5
0.11868672061785093       0.5                      17.25169750953819        -9.352800738935577E-5    0.5
0.11876052554303394       0.5                      17.236198273204423       -9.37933407795258E-5     0.5
0.11883470050762228       0.5                      17.220596145051786       -9.405856289634802E-5    0.49999999999999994
0.11890887547221062       0.5                      17.204994165229323       -9.432378501317024E-5    0.5
0.1189834223314892        0.5                      17.189288415732335       -9.458888543547675E-5    0.5
0.11905796919076779       0.5                      17.17358281232532        -9.485398585778326E-5    0.5
0.11913288980932346       0.5                      17.157772525333712       -9.511895407142883E-5    0.5
0.11920781042787909       0.5                      17.141962405788377       -9.53839222850743E-5     0.5
0.11928310667964712       0.5                      17.126046715955226       -9.56487476828177E-5     0.5
0.11935840293141516       0.5                      17.11013119543736        -9.591357308056112E-5    0.5
0.11943407669972646       0.5                      17.094109199660124       -9.617824496196013E-5    0.5
0.11950975046803776       0.5                      17.078087366974387       -9.644291684335912E-5    0.5
0.11958580364566573       0.5                      17.061958180335296       -9.670742441467741E-5    0.5
0.11966185682329371       0.5                      17.045829146913206       -9.69719319859957E-5     0.5
0.1197382913125015        0.5                      17.029591856983643       -9.723626436012421E-5    0.49999999999999994
0.1198147258017093        0.5                      17.013354711410784       -9.750059673425261E-5    0.5
0.11989154351429772       0.5                      16.997008413854928       -9.776474293064498E-5    0.5
0.11996836122688616       0.5                      16.980662266511786       -9.802888912703734E-5    0.5
0.12004556408424127       0.5                      16.96420604723562        -9.829283807165956E-5    0.49999999999999994
0.12012276694159636       0.5                      16.947749977696617       -9.85567870162817E-5     0.5
0.12020035687473746       0.5                      16.93118292676695        -9.882052754157572E-5    0.5
0.12027794680787857       0.5                      16.914616034085384       -9.90842680668697E-5     0.5
0.12035592575750671       0.5                      16.897937237193446       -9.93477889117332E-5     0.5
0.12043390470713493       0.5                      16.881258589646563       -9.961130975659667E-5    0.5
0.12051227462368128       0.5                      16.86446712311522        -9.98745995663771E-5     0.5
0.12059064454022764       0.5                      16.847675808224494       -1.0013788937615747E-4   0.5
0.1206694073839025        0.5                      16.83077074775565        -1.0040093670266296E-4   0.5
0.12074817022757736       0.5                      16.813865847702573       -1.0066398402916837E-4   0.49999999999999994
0.1208273279684188        0.5                      16.7968462679371         -1.0092677733069302E-4   0.49999999999999994
0.12090648570926027       0.5                      16.77982683457992        -1.0118957063221768E-4   0.5
0.12098604032718382       0.5                      16.762691817066298       -1.0145209827358524E-4   0.5
0.1210655949451074        0.5                      16.74555695343031        -1.0171462591495273E-4   0.5
0.12114554842995527       0.5                      16.728305531007436       -1.0197687616757555E-4   0.5
0.12122550191480315       0.5                      16.711054276211144       -1.0223912642019829E-4   0.5
0.12130585626639426       0.5                      16.693685583355546       -1.0250108746215453E-4   0.5
0.12138621061798534       0.5                      16.67631700101174        -1.0276304850411069E-4   0.5
0.12146696784616502       0.5                      16.658830043772014       -1.0302470842023805E-4   0.5
0.12154772507434479       0.5                      16.641343219302144       -1.032863683363654E-4    0.5
0.12162888719903536       0.5                      16.62373709562962        -1.0354771511837392E-4   0.5
0.12171004932372596       0.5                      16.60613108316511        -1.0380906190038237E-4   0.5
0.12179161837497716       0.5                      16.588404799355885       -1.0407008344698478E-4   0.5
0.12187318742622837       0.5                      16.5706786627361         -1.0433110499358714E-4   0.5
0.12195516544426793       0.5                      16.552831324931958       -1.0459178911064799E-4   0.5
0.12203714346230751       0.5                      16.53498410141333        -1.0485247322770883E-4   0.5
0.1221195324975925        0.5                      16.517014736058627       -1.051128076284134E-4    0.49999999999999994
0.12220192153287748       0.5                      16.4990455117304         -1.053731420291179E-4    0.5
0.12228472364614543       0.5                      16.48095320795892        -1.0563311433416025E-4   0.5
0.12236752575941337       0.5                      16.46286101894657        -1.0589308663920252E-4   0.5
0.12245074302173378       0.5                      16.444644804122618       -1.0615268437699287E-4   0.5
0.12253396028405418       0.5                      16.426428697629717       -1.0641228211478318E-4   0.5
0.12261759477688033       0.5                      16.408087611676365       -1.0667149272167671E-4   0.5
0.12270122926970654       0.5                      16.38974666329068        -1.0693070332857024E-4   0.49999999999999994
0.12278528308492774       0.5                      16.371279789385426       -1.0718951414911653E-4   0.49999999999999994
0.12286933690014895       0.5                      16.352813038130762       -1.0744832496966273E-4   0.5
0.12295381214014262       0.5                      16.334219397854213       -1.0770672325687534E-4   0.5
0.12303828738013628       0.5                      16.315625888992372       -1.0796512154408796E-4   0.5
0.1231231861578207        0.5                      16.29690455894479        -1.0822309445973727E-4   0.5
0.12320808493550509       0.5                      16.278183343566525       -1.0848106737538653E-4   0.5
0.12329340937439207       0.5                      16.259333379355667       -1.0873860199031308E-4   0.5
0.12337873381327902       0.5                      16.240483511819093       -1.0899613660523958E-4   0.5
0.1234644860475272        0.5                      16.22150393937136        -1.0925321989969117E-4   0.49999999999999994
0.1235502382817754        0.5                      16.202524479784415       -1.095103031941427E-4    0.5
0.12363642045624357       0.5                      16.183414355369678       -1.0976692205813359E-4   0.5
0.12372260263071173       0.5                      16.164304335767156       -1.1002354092212453E-4   0.5
0.12380921690101247       0.5                      16.14506272210292        -1.1027968215581863E-4   0.5
0.12389583117131317       0.5                      16.125821213326162       -1.1053582338951262E-4   0.5
0.12398287970386668       0.5                      16.106447151211796       -1.1079147370363001E-4   0.5
0.12406992823642016       0.5                      16.08707320609301        -1.1104712401774733E-4   0.5
0.12415741320850862       0.5                      16.067565757959983       -1.1130227003399552E-4   0.5
0.12424489818059707       0.5                      16.04805841973871        -1.1155741605024368E-4   0.5
0.12433282178041893       0.5                      16.02841664144671        -1.1181204430177325E-4   0.5
0.12442074538024082       0.5                      16.008774967470345       -1.1206667255330278E-4   0.5
0.12450910980696568       0.5                      15.988997938220564       -1.1232076948518852E-4   0.5
0.12459747423369058       0.5                      15.969220973228403       -1.1257486641707426E-4   0.5
0.12468628169751414       0.5                      15.949307714411589       -1.1282841838682189E-4   0.5
0.12477508916133769       0.5                      15.929394536506607       -1.1308197035656951E-4   0.5
0.12486434188353693       0.5                      15.9093441260884         -1.1333496363464832E-4   0.5
0.12495359460573616       0.5                      15.889293798763674       -1.1358795691272715E-4   0.5
0.125043294818725         0.5                      15.869105304249388       -1.1384037768312973E-4   0.5
0.12513299503171388       0.5                      15.848916900227323       -1.1409279845353231E-4   0.49999999999999994
0.1252231449790991        0.5                      15.828589382075734       -1.1434463281436092E-4   0.49999999999999994
0.1253132949264843        0.5                      15.808261945183858       -1.1459646717518952E-4   0.5
0.12540389686312145       0.5                      15.78779447955867        -1.1484770113927018E-4   0.5
0.1254944987997586        0.5                      15.76732708116856        -1.1509893510335085E-4   0.5
0.12558555499180862       0.5                      15.74671875693457        -1.1534955459887565E-4   0.5
0.1256766111838586        0.5                      15.726110498141907       -1.1560017409440045E-4   0.5
0.12576812390884423       0.5                      15.705360357165318       -1.1585016496559796E-4   0.5
0.12585963663382982       0.5                      15.684610295442553       -1.1610015583679548E-4   0.5
0.12595160818069293       0.5                      15.66371745194192        -1.1634950384463086E-4   0.49999999999999994
0.126043579727556         0.5                      15.642824676000373       -1.1659885185246621E-4   0.5
0.12613601239671446       0.5                      15.621788201751315       -1.1684754267536996E-4   0.5
0.12622844506587294       0.5                      15.600751808752875       -1.1709623349827371E-4   0.5
0.12632134116927846       0.5                      15.579570819543278       -1.1734425273290112E-4   0.5
0.12641423727268397       0.5                      15.558389872080625       -1.1759227196752849E-4   0.5
0.12650759913387974       0.5                      15.537063436844164       -1.1783960512954923E-4   0.5
0.1266009609950755        0.5                      15.515737065473559       -1.1808693829157E-4      0.5
0.12669479094925445       0.5                      15.494264306251353       -1.1833357081648901E-4   0.5
0.1267886209034334        0.5                      15.472791585294772       -1.1858020334140808E-4   0.5
0.12688292129749645       0.5                      15.451171604688625       -1.1882612058541735E-4   0.5
0.12697722169155948       0.5                      15.42955167587229        -1.1907203782942659E-4   0.5
0.1270719948841743        0.5                      15.407783592665965       -1.1931722507028933E-4   0.5
0.12716676807678912       0.5                      15.386015551203627       -1.1956241231115208E-4   0.5
0.12726201643844925       0.5                      15.364098479092718       -1.1980685474911975E-4   0.5
0.1273572648001094        0.5                      15.342181465691965       -1.2005129718708743E-4   0.5
0.12745299071319344       0.5                      15.320114554329848       -1.2029497994584892E-4   0.5
0.12754871662627754       0.5                      15.298047670393089       -1.2053866270461046E-4   0.5
0.12764492248510867       0.5                      15.275830040559413       -1.2078157083227509E-4   0.5
0.12774112834393975       0.5                      15.253612451347635       -1.2102447895993967E-4   0.5
0.12783781655484566       0.5                      15.231243264687691       -1.2126659743005435E-4   0.5
0.12793450476575158       0.5                      15.208874099609147       -1.2150871590016902E-4   0.5
0.1280316777471248        0.5                      15.186352493275535       -1.2175002961276995E-4   0.5
0.12812885072849803       0.5                      15.163830913006905       -1.2199134332537093E-4   0.5
0.12822651091085618       0.5                      15.14115607228041        -1.2223183710806984E-4   0.5
0.12832417109321437       0.5                      15.118481256111863       -1.2247233089076874E-4   0.5
0.12842232091926117       0.5                      15.095652329237055       -1.22711989499875E-4     0.5
0.12852047074530798       0.5                      15.072823425417255       -1.2295164810898133E-4   0.5
0.12861911266999426       0.5                      15.04983962203005        -1.2319045623066E-4      0.5
0.12871775459468052       0.5                      15.02685582839058        -1.2342926435233873E-4   0.5
0.1288168910852655        0.5                      15.003716324352354       -1.2366720660380497E-4   0.5
0.12891602757585047       0.5                      14.980576838896013       -1.239051488552712E-4    0.5
0.12901566111196366       0.5                      14.957280842634646       -1.2414220978602172E-4   0.5
0.12911529464807694       0.5                      14.933984857247196       -1.2437927071677233E-4   0.5
0.12921542772178018       0.5                      14.910531586010165       -1.2461543480985458E-4   0.5
0.12931556079548343       0.5                      14.8870783085531         -1.248515989029368E-4    0.5
0.12941619591133302       0.5                      14.86346699843989        -1.250868505762557E-4    0.5
0.1295168310271826        0.5                      14.83985567900777        -1.253221022495746E-4    0.5
0.1296179707022921        0.5                      14.816085565197227       -1.2555642585723817E-4   0.49999999999999994
0.12971911037740164       0.5                      14.792315423869695       -1.2579074946490184E-4   0.5
0.12982075714150473       0.5                      14.768385760826732       -1.2602412929860548E-4   0.5
0.12992240390560783       0.5                      14.744456059578397       -1.2625750913230913E-4   0.5
0.13002456030112172       0.5                      14.720366104607365       -1.2648992942275987E-4   0.5
0.1301267166966356        0.5                      14.696276112361147       -1.2672234971321063E-4   0.5
0.13022938527872457       0.5                      14.67202513684606        -1.2695379463159077E-4   0.5
0.13033205386081353       0.5                      14.647774132387212       -1.2718523954997093E-4   0.5
0.13043523719745265       0.5                      14.623361453262078       -1.2741569320944227E-4   0.5
0.13053842053409176       0.5                      14.598948736956345       -1.2764614686891363E-4   0.5
0.13064212120613145       0.5                      14.574373654110786       -1.2787559332616305E-4   0.5
0.13074582187817113       0.5                      14.54979851203393        -1.2810503978341256E-4   0.5
0.1308500424794015        0.5                      14.525060348757052       -1.2833346304023854E-4   0.5
0.13095426308063185       0.5                      14.500322129729284       -1.285618862970645E-4    0.5
0.13105900621784755       0.5                      14.475420217674127       -1.287892703020055E-4    0.5
0.13116374935506325       0.5                      14.450518254817325       -1.2901665430694654E-4   0.5
0.13126901764812887       0.5                      14.425451965561933       -1.2924298295695217E-4   0.5
0.1313742859411945        0.5                      14.400385601466496       -1.294693116069578E-4    0.5
0.13148008202310985       0.5                      14.375154304459556       -1.2969456874910212E-4   0.5
0.1315858781050252        0.5                      14.349922936904477       -1.2991982589124644E-4   0.5
0.13169220462199138       0.5                      14.324526020200665       -1.3014399532448534E-4   0.5
0.13179853113895756       0.5                      14.299129022605257       -1.3036816475772424E-4   0.5
0.13190539075044305       0.5                      14.273565893335672       -1.3059123023469567E-4   0.5
0.13201225036192854       0.5                      14.248002688683528       -1.3081429571166716E-4   0.5
0.1321196457407357        0.5                      14.222272775904003       -1.3103624094053622E-4   0.5
0.13222704111954284       0.5                      14.196542776253864       -1.312581861694053E-4    0.5
0.13233497495187474       0.5                      14.170645555879219       -1.3147899481575322E-4   0.5
0.13244290878420667       0.5                      14.144748216381686       -1.3169980346210115E-4   0.5
0.13255138376973447       0.5                      14.118683112131748       -1.319194591508601E-4    0.5
0.13265985875526226       0.5                      14.092617916836616       -1.3213911483961913E-4   0.5
0.13276887760719253       0.5                      14.066384431895585       -1.3235760115705165E-4   0.5
0.1328778964591228        0.5                      14.040150859917048       -1.3257608747448412E-4   0.5
0.1329874619042653        0.5                      14.013748530524026       -1.327933879702085E-4    0.5
0.13309702734940787       0.5                      13.987346060548134       -1.3301068846593295E-4   0.5
0.1332071421282442        0.5                      13.960774401759863       -1.332267866549958E-4    0.5
0.13331725690708052       0.5                      13.934202607264297       -1.334428848440586E-4    0.5
0.13342792377383209       0.5                      13.907461162032632       -1.336577642090523E-4    0.49999999999999994
0.13353859064058365       0.5                      13.880719583451537       -1.33872643574046E-4     0.5
0.13364981236328105       0.5                      13.853807933048301       -1.3408628756727485E-4   0.5
0.13376103408597842       0.5                      13.826896135600464       -1.342999315605037E-4    0.5
0.13387281344653026       0.5                      13.799813906126019       -1.3451232360619622E-4   0.5
0.13398459280708214       0.5                      13.772731506214086       -1.3472471565188876E-4   0.5
0.13409693260134492       0.5                      13.745478293259566       -1.3493583914845828E-4   0.49999999999999994
0.13420927239560776       0.5                      13.718224913854556       -1.3514696264502776E-4   0.5
0.13432217543345587       0.5                      13.690800371086425       -1.3535680096738096E-4   0.5
0.13443507847130395       0.5                      13.663375671172162       -1.3556663928973416E-4   0.5
0.13454854757669943       0.5                      13.635779488321987       -1.357751757916275E-4    0.5
0.13466201668209493       0.5                      13.608183131251053       -1.3598371229352088E-4   0.5
0.1347760546931588        0.5                      13.580415017969699       -1.361909303099668E-4    0.5
0.13489009270422264       0.5                      13.552646699391289       -1.363981483264127E-4    0.5
0.1350047024733053        0.5                      13.524706371455068       -1.3660403117613334E-4   0.5
0.13511931224238793       0.5                      13.496765844423635       -1.3680991402585402E-4   0.5
0.1352344966361409        0.5                      13.468653056489984       -1.3701444501378556E-4   0.5
0.13534968102989386       0.5                      13.440540068598239       -1.372189760017171E-4    0.5
0.1354654429293413        0.5                      13.412254627761286       -1.3742213842156246E-4   0.5
0.13558120482878872       0.5                      13.383968956965646       -1.3762530084140783E-4   0.5
0.13569754712939947       0.5                      13.355510656805109       -1.3782707797824016E-4   0.5
0.13581388943001022       0.5                      13.327052136376324       -1.380288551150725E-4    0.5
0.13593081504177018       0.5                      13.298420833437376       -1.382292302479877E-4    0.5
0.1360477406535302        0.5                      13.269789302873278       -1.384296053809029E-4    0.5
0.1361652525010156        0.5                      13.240984879662847       -1.3862856178572342E-4   0.5
0.136282764348501         0.5                      13.212180203843218       -1.3882751819054392E-4   0.49999999999999994
0.13640086537095075       0.5                      13.183202556754168       -1.390250391425715E-4    0.49999999999999994
0.1365189663934005        0.5                      13.15422465699271        -1.392225600945992E-4    0.5
0.13663765954479032       0.5                      13.125073738434821       -1.3941862887142007E-4   0.5
0.13675635269618014       0.5                      13.095922547933469       -1.3961469764824092E-4   0.5
0.13687564094529608       0.5                      13.066598321947822       -1.3980929753257975E-4   0.5
0.13699492919441209       0.5                      13.037273822390262       -1.400038974169186E-4    0.5
0.13711481552492527       0.5                      13.007776292524795       -1.4019701169954487E-4   0.5
0.13723470185543846       0.5                      12.978278483971053       -1.4039012598217115E-4   0.5
0.13735518926597903       0.5                      12.948607703209746       -1.405817379648554E-4    0.5
0.13747567667651964       0.5                      12.918936620596241       -1.407733499475397E-4    0.5
0.13759676818075237       0.5                      12.889092654103933       -1.4096344294606175E-4   0.5
0.137717859684985         0.5                      12.859248384943157       -1.4115353594458372E-4   0.5
0.13783955831168426       0.5                      12.829231353438445       -1.4134209329179088E-4   0.5
0.13796125693838351       0.5                      12.799214003709494       -1.415306506389981E-4    0.5
0.13808356573150926       0.5                      12.769024048910069       -1.4171765568791572E-4   0.5
0.138205874524635         0.5                      12.738833764514766       -1.4190466073683348E-4   0.5
0.13832879654340882       0.5                      12.70847107136251        -1.4209009686382592E-4   0.5
0.13845171856218258       0.5                      12.678108037660877       -1.4227553299081834E-4   0.5
0.13857525688116432       0.5                      12.647572826319447       -1.424593835988011E-4    0.5
0.13869879520014602       0.5                      12.617037280703926       -1.4264323420678387E-4   0.5
0.13882295290931043       0.5                      12.586329829702208       -1.428254827284869E-4    0.5
0.13894711061847487       0.5                      12.55562201545672        -1.4300773125018997E-4   0.5
0.13907189082328922       0.5                      12.524742600914124       -1.431883611514722E-4    0.5
0.13919667102810357       0.5                      12.49386283099193        -1.4336899105275446E-4   0.5
0.13932207684960507       0.5                      12.462811814207726       -1.435479858359689E-4    0.5
0.13944748267110657       0.5                      12.43176042029313        -1.4372698061918343E-4   0.5
0.1395735172459806        0.5                      12.400538185075675       -1.4390432382659345E-4   0.5
0.13969955182085467       0.5                      12.369315550284455       -1.4408166703400356E-4   0.49999999999999994
0.13982621830151304       0.5                      12.337922512128443       -1.442573422512491E-4    0.49999999999999994
0.13995288478217144       0.5                      12.306529079439088       -1.444330174684947E-4    0.5
0.14008018633683156       0.5                      12.274965707054434       -1.4460700832810998E-4   0.5
0.14020748789149168       0.5                      12.243401920089354       -1.4478099918772524E-4   0.49999999999999994
0.1403354277042555        0.5                      12.21166872338381        -1.449532893727052E-4    0.49999999999999994
0.1404633675170193        0.5                      12.179935103703656       -1.4512557955768523E-4   0.5
0.140591948787953         0.5                      12.148032633850107       -1.4529615280510337E-4   0.5
0.14072053005888668       0.5                      12.116129740203405       -1.4546672605252146E-4   0.5
0.14084975600410082       0.5                      12.084058615058893       -1.4563556615719605E-4   0.49999999999999994
0.14097898194931496       0.5                      12.051987032733678       -1.458044062618707E-4    0.5
0.14110885580104485       0.5                      12.01974787035715        -1.4597149708008147E-4   0.5
0.14123872965277473       0.5                      11.987508259112474       -1.461385878982922E-4    0.49999999999999994
0.14136925465946143       0.5                      11.955101763323          -1.4630391335154492E-4   0.5
0.14149977966614813       0.5                      11.922694797993472       -1.4646923880479764E-4   0.5
0.14163095909251933       0.5                      11.89012170722981        -1.466327828836374E-4    0.5
0.14176213851889055       0.5                      11.857548142275846       -1.467963269624772E-4    0.5
0.14189397564604278       0.5                      11.824809246444147       -1.4695807373035075E-4   0.5
0.14202581277319493       0.5                      11.792069851827137       -1.471198204982242E-4    0.5
0.14215831089867498       0.5                      11.759165978417514       -1.4727975409538796E-4   0.5
0.14229080902415503       0.5                      11.726261592507626       -1.4743968769255172E-4   0.5
0.142423971462043         0.5                      11.693193615935797       -1.4759779234002884E-4   0.49999999999999994
0.142557133899931         0.5                      11.660125126012417       -1.4775589698750593E-4   0.5
0.14269096398092285       0.5                      11.626893996895433       -1.4791215699108836E-4   0.5
0.14282479406191473       0.5                      11.593662335240879       -1.480684169946708E-4    0.5
0.14295929513340574       0.5                      11.560269029463598       -1.482228167489679E-4    0.49999999999999994
0.14309379620489676       0.5                      11.526875170938183       -1.4837721650326502E-4   0.5
0.1432289716310652        0.5                      11.493320719836447       -1.4852974049579728E-4   0.5
0.14336414705723366       0.5                      11.459765711043246       -1.486822644883295E-4    0.5
0.1435000002191249        0.5                      11.426051200623078       -1.4883289730366654E-4   0.49999999999999994
0.1436358533810162        0.5                      11.392336119087986       -1.4898353011900354E-4   0.49999999999999994
0.14377238767662742       0.5                      11.35846269518288        -1.49132256442946E-4     0.49999999999999994
0.1439089219722387        0.5                      11.324588689781649       -1.4928098276688833E-4   0.5
0.14404614081660375       0.5                      11.290557546275068       -1.4942778739069268E-4   0.5
0.1441833596609688        0.5                      11.25652580042265        -1.4957459201449694E-4   0.5
0.1443212664862436        0.5                      11.222338170093735       -1.4971945983914238E-4   0.5
0.14445917331151842       0.5                      11.188149933775094       -1.498643276637877E-4    0.5
0.14459777156706696       0.5                      11.153807137223794       -1.5000724370428436E-4   0.5
0.1447363698226155        0.5                      11.119463717647932       -1.5015015974478087E-4   0.5
0.1448756629750959        0.5                      11.084967101780421       -1.5029110913451798E-4   0.5
0.1450149561275763        0.5                      11.050469836379307       -1.5043205852425503E-4   0.5
0.14515494766102768       0.5                      11.015820815880488       -1.5057102651938885E-4   0.5
0.14529493919447906       0.5                      10.981171146443103       -1.507099945145226E-4    0.5
0.1454356326104087        0.5                      10.946371179850303       -1.5084696649840222E-4   0.5
0.14557632602633835       0.5                      10.911570562536781       -1.5098393848228167E-4   0.5
0.14571772484380913       0.5                      10.876621201613489       -1.511188999699118E-4    0.5
0.1458591236612799        0.5                      10.841671158932286       -1.5125386145754184E-4   0.5
0.1460012314169984        0.5                      10.806573964550353       -1.5138679810008216E-4   0.49999999999999994
0.14614333917271696       0.5                      10.771476081313267       -1.5151973474262245E-4   0.5
0.14628615942112205       0.5                      10.736232712805304       -1.5165063233192133E-4   0.5
0.1464289796695271        0.5                      10.70098864061083        -1.5178152992122008E-4   0.5
0.14657251598287846       0.5                      10.66560078096154        -1.519103743943817E-4    0.5
0.1467160522962299        0.5                      10.630212218590714       -1.520392188675432E-4    0.5
0.14686030826469793       0.5                      10.594681659842081       -1.5216599631152742E-4   0.5
0.147004564233166         0.5                      10.559150362759965       -1.5229277375551157E-4   0.5
0.14714954346492115       0.5                      10.523478895633616       -1.5241747041176414E-4   0.5
0.14729452269667628       0.5                      10.48780668667996        -1.5254216706801657E-4   0.49999999999999994
0.1474402288179794        0.5                      10.451996217170745       -1.5266476933712894E-4   0.49999999999999994
0.14758593493928257       0.5                      10.416184988716623       -1.527873716062412E-4    0.5
0.1477323715945758        0.5                      10.380237437238975       -1.5290786605263844E-4   0.5
0.14787880824986904       0.5                      10.344289128711353       -1.530283604990356E-4    0.5
0.14802597910186682       0.5                      10.308206520242948       -1.5314673385569057E-4   0.5
0.1481731499538646        0.5                      10.272123134756612       -1.532651072123454E-4    0.5
0.14832105868364526       0.5                      10.235907533619866       -1.533813463855175E-4    0.49999999999999994
0.1484689674134259        0.5                      10.199691135652301       -1.5349758555868948E-4   0.5
0.1486176177205238        0.5                      10.163344668739228       -1.5361167763268695E-4   0.5
0.14876626802762166       0.5                      10.126997385862296       -1.5372576970668433E-4   0.5
0.14891566363011968       0.5                      10.090522242977386       -1.5383770194864785E-4   0.5
0.14906505923261767       0.5                      10.054046277201678       -1.5394963419061117E-4   0.5
0.1492152038672402        0.5                      10.01744471419488        -1.540593940553167E-4    0.5
0.14936534850186273       0.5                      9.980842316056169        -1.5416915392002216E-4   0.5
0.1495162459240692        0.5                      9.94411665853977         -1.542767290547023E-4    0.5
0.14966714334627568       0.5                      9.90739014542146         -1.5438430418938237E-4   0.5
0.1498187973303545        0.5                      9.87054277270272         -1.5448968243856297E-4   0.5
0.14997045131443332       0.5                      9.833694539740918        -1.5459506068774345E-4   0.5
0.15012286565359614       0.5                      9.796727899555663        -1.5469823009809432E-4   0.49999999999999994
0.150275279992759         0.5                      9.759760381567276        -1.5480139950844514E-4   0.49999999999999994
0.15042845849923575       0.5                      9.722676989760203        -1.549023483336429E-4    0.49999999999999994
0.15058163700571248       0.5                      9.685592705237468        -1.5500329715884058E-4   0.5
0.15073558351084668       0.5                      9.648395132532642        -1.5510201386444101E-4   0.5
0.15088953001598088       0.5                      9.611196659943289        -1.552007305700414E-4    0.5
0.15104424837032532       0.5                      9.573887558589831        -1.5529720383835948E-4   0.5
0.1511989667246697        0.5                      9.536577535767492        -1.5539367710667746E-4   0.5
0.15135446079808298       0.5                      9.499159601302381        -1.5548789584167298E-4   0.5
0.1515099548714962        0.5                      9.461740748248985        -1.555821145766684E-4    0.5
0.15166622855323944       0.5                      9.424216757408885        -1.556740679088346E-4    0.5
0.1518225022349827        0.5                      9.386691837938542        -1.5576602124100077E-4   0.5
0.15197955943381666       0.5                      9.349064642135545        -1.5585569853225365E-4   0.5
0.15213661663265063       0.5                      9.311436490585493        -1.5594537582350648E-4   0.49999999999999994
0.1522944612769338        0.5                      9.273708984147106        -1.5603276667207295E-4   0.49999999999999994
0.15245230592121695       0.5                      9.23598051009867         -1.5612015752063937E-4   0.5
0.15261094195900357       0.5                      9.198155668722848        -1.5620525176594067E-4   0.5
0.1527695779967902        0.5                      9.160329850778226        -1.562903460112419E-4    0.5
0.15292900939592896       0.5                      9.122410708212556        -1.5637313373877083E-4   0.5
0.15308844079506773       0.5                      9.084490568452338        -1.5645592146629967E-4   0.5
0.15324867154330124       0.5                      9.046480221930778        -1.5653639301248853E-4   0.5
0.15340890229153475       0.5                      9.008468871306832        -1.5661686455867727E-4   0.5
0.1535699363965991        0.5                      8.970370501916022        -1.5669501051575373E-4   0.5
0.15373097050166348       0.5                      8.932271101659353        -1.5677315647283016E-4   0.5
0.15389281199138857       0.5                      8.894087931070771        -1.568489676936588E-4    0.5
0.1540546534811137        0.5                      8.855903729978763        -1.5692477891448742E-4   0.5
0.154217306403524         0.5                      8.817639059034718        -1.5699824651739367E-4   0.5
0.15437995932593424       0.5                      8.779373342363215        -1.5707171412029987E-4   0.5
0.15454342774934987       0.5                      8.741030531335127        -1.571428294938736E-4    0.5
0.1547068961727655        0.5                      8.702686670207186        -1.5721394486744732E-4   0.5
0.15487118418590423       0.5                      8.664269163931749        -1.5728269967532358E-4   0.5
0.15503547219904296       0.5                      8.625850586604884        -1.573514544831998E-4    0.5
0.1552005839111224        0.5                      8.587361872836937        -1.5741784066881313E-4   0.5
0.15536569562320185       0.5                      8.548872075348072        -1.5748422685442644E-4   0.5
0.15553163516404206       0.5                      8.510315715105662        -1.5754823664573616E-4   0.5
0.15569757470488227       0.5                      8.471758250413359        -1.5761224643704588E-4   0.5
0.1558643462250093        0.5                      8.433137860396982        -1.5767387235122917E-4   0.5
0.15603111774513634       0.5                      8.394516367106235        -1.5773549826541243E-4   0.5
0.15619872541588595       0.5                      8.35583563124328         -1.5779473311352182E-4   0.5
0.15636633308663556       0.5                      8.317153796796902        -1.5785396796163127E-4   0.5
0.15653478110025748       0.5                      8.278416482487046        -1.5791080485321382E-4   0.5
0.1567032291138793        0.5                      8.239678052444788        -1.579676417447964E-4    0.5
0.15687252168364213       0.5                      8.200887973473073        -1.5802207409247067E-4   0.5
0.15704181425340488       0.5                      8.162096750888168        -1.58076506440145E-4     0.5
0.15721195561370155       0.5                      8.12325777587148         -1.5812852796413324E-4   0.5
0.1573820969739982        0.5                      8.084417661508724        -1.5818054948812157E-4   0.49999999999999994
0.1575530913804518        0.5                      8.045533730177794        -1.58230154220733E-4     0.49999999999999994
0.1577240857869054        0.5                      8.006648650268517        -1.582797589533445E-4    0.49999999999999994
0.15789593751647563       0.5                      7.967723779624066        -1.5832694124340692E-4   0.49999999999999994
0.1580677892460459        0.5                      7.9287977366832365       -1.5837412353346937E-4   0.5
0.15824050259713612       0.5                      7.889835974704965        -1.5841887805070513E-4   0.5
0.15841321594822638       0.5                      7.850873032737127        -1.5846363256794094E-4   0.5
0.15858679524079106       0.5                      7.811878501906904        -1.5850595430728424E-4   0.5
0.15876037453335579       0.5                      7.772882785512138        -1.5854827604662761E-4   0.5
0.15893482410900855       0.5                      7.733859672718154        -1.5858816033247907E-4   0.5
0.15910927368466132       0.5                      7.6948353594125365       -1.586280446183306E-4    0.49999999999999994
0.15928459790678356       0.5                      7.655787909223363        -1.5866548710874592E-4   0.5
0.1594599221289058        0.5                      7.616739237581214        -1.587029295991613E-4    0.5
0.15963612538275573       0.5                      7.577671739178186        -1.5873792628997007E-4   0.5
0.15981232863660566       0.5                      7.5386030197512355       -1.587729229807789E-4    0.49999999999999994
0.15998941532942823       0.5                      7.499519822680213        -1.5880547020963E-4      0.49999999999999994
0.16016650202225075       0.5                      7.46043540518076         -1.5883801743848115E-4   0.5
0.16034447658338763       0.5                      7.421340930200131        -1.5886811188881112E-4   0.5
0.16052245114452446       0.5                      7.382245224255485        -1.5889820633914115E-4   0.5
0.16070131802552487       0.5                      7.34314393177101         -1.5892584504406158E-4   0.5
0.1608801849065253        0.5                      7.304041408719058        -1.589534837489821E-4    0.5
0.16105994858125758       0.5                      7.264937817797545        -1.5897866409508241E-4   0.5
0.16123971225598982       0.5                      7.225832988142656        -1.590038444411828E-4    0.5
0.1614203772207531        0.5                      7.186731679862987        -1.590265641722444E-4    0.5
0.1616010421855163        0.5                      7.1476291182091245       -1.5904928390330606E-4   0.5
0.16178261295915294       0.5                      7.108534704855629        -1.5906954112392433E-4   0.5
0.1619641837327896        0.5                      7.06943903427964         -1.5908979834454266E-4   0.5
0.16214666485679835       0.5                      7.030356197162291        -1.5910759152365262E-4   0.5
0.16232914598080708       0.5                      6.9912720918539435       -1.5912538470276257E-4   0.5
0.1625125420194567        0.5                      6.952205552553551        -1.5914071267706452E-4   0.5
0.16269593805810628       0.5                      6.91313773793172         -1.5915604065136653E-4   0.5
0.16288025359854952       0.5                      6.874092258901783        -1.5916890262864767E-4   0.49999999999999994
0.1630645691389928        0.5                      6.835045505327571        -1.5918176460592888E-4   0.5
0.1632498087913814        0.5                      6.7960258995249205       -1.5919216016827714E-4   0.5
0.16343504844376994       0.5                      6.75700502502491         -1.5920255573062547E-4   0.5
0.16362121684136954       0.5                      6.718016172156695        -1.5921048483753133E-4   0.5
0.1638073852389692        0.5                      6.679026027099098        -1.5921841394443725E-4   0.5
0.1639944870382758        0.5                      6.640072820793193        -1.592238769357799E-4    0.49999999999999994
0.16418158883758235       0.5                      6.601118316097654        -1.5922933992712257E-4   0.49999999999999994
0.16436962871843813       0.5                      6.562205687452206        -1.592323375260364E-4    0.5
0.16455766859929388       0.5                      6.523291772866969        -1.5923533512495023E-4   0.5
0.16474665126500482       0.5                      6.484424726870202        -1.5923586844056754E-4   0.5
0.16493563393071575       0.5                      6.44555638492443         -1.592364017561849E-4    0.5
0.1651255641081688        0.5                      6.4067399337832285       -1.592344722862514E-4    0.5
0.16531549428562187       0.5                      6.36792218094206         -1.5923254281631797E-4   0.5
0.1655063767254037        0.5                      6.329161389639921        -1.5922815244967655E-4   0.5
0.1656972591651855        0.5                      6.290399292189704        -1.5922376208303514E-4   0.5
0.1658890986417007        0.5                      6.251699249833109        -1.5921691310197402E-4   0.5
0.1660809381182159        0.5                      6.212997899743186        -1.592100641209129E-4    0.5
0.16627373942980705       0.5                      6.174363729714514        -1.5920075920337526E-4   0.5
0.16646654074139822       0.5                      6.135728257452456        -1.5919145428583767E-4   0.5
0.16666030871046533       0.5                      6.097165124174353        -1.591796965074874E-4    0.5
0.16685407667953245       0.5                      6.058600688121487        -1.5916793872913714E-4   0.5
0.16704881615265396       0.5                      6.020113773739467        -1.591537315652782E-4    0.5
0.1672435556257755        0.5                      5.9816255547630135       -1.5913952440141927E-4   0.5
0.16743927147382937       0.5                      5.943220073179418        -1.5912287172876392E-4   0.5
0.1676349873218832        0.5                      5.904813284905913        -1.591062190561086E-4    0.5
0.16783168444016877       0.5                      5.866494467945813        -1.5908712515439147E-4   0.5
0.16802838155845432       0.5                      5.828174351533107        -1.5906803125267433E-4   0.5
0.16822606486681463       0.5                      5.789947472333552        -1.5904650080610796E-4   0.5
0.16842374817517503       0.5                      5.751719283336115        -1.590249703595416E-4    0.5
0.16862242261812005       0.5                      5.713589605984453        -1.5900100845811038E-4   0.5
0.16882109706106513       0.5                      5.6754586214824485       -1.5897704655667915E-4   0.5
0.16902076760789553       0.5                      5.637431451354587        -1.589506586972675E-4    0.5
0.1692204381547259        0.5                      5.599402981113371        -1.5892427083785584E-4   0.5
0.16942110979965685       0.5                      5.561483623187087        -1.588954629252076E-4    0.5
0.16962178144458787       0.5                      5.523562971245383        -1.5886665501255935E-4   0.5
0.1698234592068745        0.5                      5.485756761726407        -1.5883543336006438E-4   0.5
0.1700251369691611        0.5                      5.4479492474506515       -1.588042117075694E-4    0.5
0.17022782589322388       0.5                      5.4102615241354215       -1.5877058303787444E-4   0.5
0.17043051481728663       0.5                      5.372572497515648        -1.5873695436817943E-4   0.5
0.17063421997283731       0.5                      5.335008587574521        -1.587009258136194E-4    0.5
0.1708379251283879        0.5                      5.297443398308587        -1.586648972590594E-4    0.5
0.17104265161055646       0.5                      5.260008661207394        -1.586264763619065E-4    0.5
0.17124737809272506       0.5                      5.22257264706127         -1.5858805546475354E-4   0.5
0.17145313102218748       0.5                      5.185272440374774        -1.5854725017728014E-4   0.5
0.17165888395164985       0.5                      5.1479709582461055       -1.585064448898067E-4    0.5
0.17186566847475562       0.5                      5.110810631600543        -1.5846326357415986E-4   0.5
0.1720724529978614        0.5                      5.073649042295756        -1.5842008225851298E-4   0.5
0.17228027428676265       0.5                      5.036633948719555        -1.5837453368639686E-4   0.5
0.1724880955756639        0.5                      4.999617597100951        -1.5832898511428074E-4   0.5
0.1726969588284446        0.5                      4.962753079017602        -1.5828107846644447E-4   0.5
0.1729058220812253        0.5                      4.925887312913119        -1.582331718186082E-4    0.5
0.17311573252203127       0.5                      4.889178716507104        -1.5818291668413635E-4   0.5
0.17332564296283726       0.5                      4.852468875580826        -1.5813266154966445E-4   0.5
0.17353660584200692       0.5                      4.815921522962981        -1.5808006792506721E-4   0.5
0.17374756872117658       0.5                      4.779372940915891        -1.5802747430046995E-4   0.5
0.17395958931537234       0.5                      4.742992145123026        -1.5797255258857091E-4   0.5
0.17417160990956812       0.5                      4.706610136578092        -1.5791763087667185E-4   0.5
0.174384693521908         0.5                      4.670401198171476        -1.5786039188529078E-4   0.5
0.17459777713424787       0.5                      4.634191055031579        -1.578031528939097E-4    0.5
0.1748119290944387        0.5                      4.598159258065607        -1.5774360783433797E-4   0.5
0.17502608105462944       0.5                      4.562126265812594        -1.5768406277476618E-4   0.5
0.1752413067190995        0.5                      4.5262768587872415       -1.576222232600328E-4    0.5
0.1754565323835696        0.5                      4.490426264597545        -1.5756038374529935E-4   0.5
0.1756728371356033        0.5                      4.454764488488308        -1.5749626178822583E-4   0.5
0.175889141887637         0.5                      4.41910154059542         -1.5743213983115224E-4   0.5
0.176106531137509         0.5                      4.383632592158392        -1.5736574784219428E-4   0.5
0.17632392038738098       0.5                      4.348162483241822        -1.5729935585323627E-4   0.5
0.1765423995724918        0.5                      4.312891532151298        -1.5723070663811053E-4   0.5
0.1767608787576026        0.5                      4.277619436248187        -1.5716205742298474E-4   0.5
0.1769804533426144        0.5                      4.242551630415619        -1.5709116418007962E-4   0.5
0.1772000279276263        0.5                      4.2074826884947925       -1.5702027093717445E-4   0.5
0.1774207034045999        0.5                      4.172623113937789        -1.56947147254743E-4     0.5
0.17764137888157341       0.5                      4.137762428382075        -1.5687402357231146E-4   0.5
0.1778631607701052        0.5                      4.103116154863528        -1.5679868342544589E-4   0.5
0.17808494265863695       0.5                      4.0684687800430765       -1.5672334327858025E-4   0.5
0.17830783650599735       0.5                      4.034040819325583        -1.5664580102596657E-4   0.49999999999999994
0.17853073035335773       0.5                      3.9996117807891096       -1.565682587733528E-4    0.5
0.17875474173462969       0.5                      3.965407103246889        -1.5648852915380528E-4   0.5
0.17897875311590164       0.5                      3.9312013665769427       -1.5640879953425773E-4   0.5
0.17920388763412032       0.5                      3.8972248905201923       -1.5632689766303237E-4   0.5
0.179429022152339         0.5                      3.863247369076362        -1.5624499579180694E-4   0.5
0.17965528543863152       0.5                      3.829503961196224        -1.5616093715669355E-4   0.49999999999999994
0.17988154872492407       0.5                      3.7957595306475014       -1.5607687852158014E-4   0.5
0.180108946438651         0.5                      3.762254002647751        -1.5599067897877306E-4   0.5
0.18033634415237787       0.5                      3.7287474666386515       -1.5590447943596597E-4   0.5
0.180564881981274         0.5                      3.6954845641171232       -1.5581615520571368E-4   0.49999999999999994
0.1807934198101701        0.5                      3.66222068249067         -1.5572783097546133E-4   0.5
0.18102310347048736       0.5                      3.629205093046494        -1.556373986374943E-4    0.5
0.18125278713080462       0.5                      3.5961885477179294       -1.5554696629952722E-4   0.5
0.18148362236745463       0.5                      3.5634249024715245       -1.5545444278826611E-4   0.5
0.18171445760410465       0.5                      3.5306603119954616       -1.5536191927700496E-4   0.5
0.1819464501908027        0.5                      3.498153154368538        -1.5526732187654826E-4   0.5
0.18217844277750075       0.5                      3.4656450732290978       -1.5517272447609147E-4   0.5
0.18241159851691002       0.5                      3.433398887468229        -1.5507607081498444E-4   0.5
0.18264475425631932       0.5                      3.4011518034978963       -1.5497941715387744E-4   0.5
0.1828790789801961        0.5                      3.3691709912022816       -1.5488072519966376E-4   0.49999999999999994
0.18311340370407292       0.5                      3.3371893035880476       -1.5478203324545008E-4   0.5
0.1833489032734125        0.5                      3.305478195949945        -1.5468132129900684E-4   0.5
0.18358440284275215       0.5                      3.273766239093675        -1.5458060935256355E-4   0.5
0.18382108314793544       0.5                      3.2423290749879925       -1.5447789604222174E-4   0.49999999999999994
0.18405776345311864       0.5                      3.2108910885090154       -1.543751827318799E-4    0.5
0.18429563041405927       0.5                      3.1797320404475613       -1.542704870073325E-4    0.5
0.18453349737499988       0.5                      3.1485721902720343       -1.541657912827851E-4    0.5
0.18477255694129252       0.5                      3.117695314583216        -1.5405913240878468E-4   0.5
0.18501161650758513       0.5                      3.0868176761800896       -1.5395247353478428E-4   0.5
0.1852518746586543        0.5                      3.0562269663091683       -1.5384387108463256E-4   0.5
0.18549213280972343       0.5                      3.025635517665478        -1.5373526863448088E-4   0.49999999999999994
0.18573359555497293       0.5                      2.995334870926399        -1.5362474248331283E-4   0.5
0.1859750583002225        0.5                      2.965033503847735        -1.5351421633214482E-4   0.5
0.18621773167918568       0.5                      2.9350266989122247       -1.5340178665001087E-4   0.49999999999999994
0.18646040505814887       0.5                      2.9050192074676033       -1.532893569678769E-4    0.5
0.18670429514064002       0.5                      2.875309944462515        -1.531750442126253E-4    0.5
0.18694818522313117       0.5                      2.8456000179880903       -1.5306073145737368E-4   0.5
0.1871932981093969        0.5                      2.8161918904570484       -1.529445563673378E-4    0.5
0.1874384109956626        0.5                      2.7867831243258934       -1.5282838127730192E-4   0.5
0.18768475281653468       0.5                      2.757679616650421        -1.5271036486379534E-4   0.5
0.1879310946374068        0.5                      2.728575503951106        -1.525923484502887E-4    0.5
0.18817867155445556       0.5                      2.699779986226531        -1.5247251198991212E-4   0.5
0.18842624847150433       0.5                      2.6709839015118177       -1.5235267552953554E-4   0.5
0.18867506667719242       0.5                      2.6424996526266114       -1.5223104055630046E-4   0.5
0.18892388488288062       0.5                      2.6140148625866004       -1.521094055830653E-4    0.5
0.18917395060071857       0.5                      2.585845035087914        -1.5198599388033783E-4   0.5
0.18942401631855643       0.5                      2.5576746988083414       -1.5186258217761035E-4   0.5
0.18967533580325746       0.5                      2.529822333402535        -1.517374157698813E-4    0.5
0.18992665528795852       0.5                      2.50196948922121         -1.5161224936215218E-4   0.5
0.19017923482559562       0.5                      2.474437506184586        -1.514853505066371E-4    0.5
0.1904318143632327        0.5                      2.446905085277649        -1.51358451651122E-4     0.5
0.1906856602713956        0.5                      2.4196962862497458       -1.5122984282919748E-4   0.5
0.19093950617955852       0.5                      2.3924870764383286       -1.5110123400727298E-4   0.5
0.1911946248075119        0.5                      2.365604146658825        -1.5097093791575423E-4   0.5
0.19144974343546511       0.5                      2.338720835850154        -1.5084064182423554E-4   0.5
0.191706141164307         0.5                      2.312166328405965        -1.5070868136650136E-4   0.5
0.1919625388931488        0.5                      2.2856114670223633       -1.5057672090876723E-4   0.5
0.19222022213597068       0.5                      2.2593878120023874       -1.5044311918573794E-4   0.5
0.19247790537879256       0.5                      2.2331638308153288       -1.5030951746270867E-4   0.5
0.19273688058083954       0.5                      2.2072733187956146       -1.5017429776368392E-4   0.5
0.19299585578288647       0.5                      2.1813825219176124       -1.5003907806465918E-4   0.5
0.19325612942171833       0.5                      2.155827324515485        -1.4990226385802182E-4   0.5
0.19351640306055018       0.5                      2.130271876292454        -1.4976544965138449E-4   0.5
0.19377798164620366       0.5                      2.1050540265200652       -1.4962706457517718E-4   0.5
0.19403956023185726       0.5                      2.0798359621701366       -1.4948867949896992E-4   0.5
0.194302450307009         0.5                      2.054957366137387        -1.4934874735135186E-4   0.49999999999999994
0.1945653403821607        0.5                      2.0300785871190783       -1.4920881520373382E-4   0.5
0.1948295485222904        0.5                      2.005541010120396        -1.4906735993332443E-4   0.5
0.19509375666242007       0.5                      1.9810032768928068       -1.4892590466291503E-4   0.5
0.19535928947597525       0.5                      1.9568083369708802       -1.4878295035903238E-4   0.49999999999999994
0.19562482228953043       0.5                      1.9326132867640808       -1.4863999605514976E-4   0.5
0.19589168641809185       0.5                      1.9087624749431598       -1.4849556693795124E-4   0.5
0.19615855054665327       0.5                      1.8849115896446165       -1.4835113782075277E-4   0.5
0.19642675266510082       0.5                      1.8614062627543717       -1.482052582312858E-4    0.5
0.19669495478354845       0.5                      1.8379008902725218       -1.480593786418189E-4    0.5
0.19696450160022833       0.5                      1.814742240175292        -1.4791207303199022E-4   0.5
0.19723404841690825       0.5                      1.7915835868673184       -1.477647674221616E-4    0.49999999999999994
0.19750494667380042       0.5                      1.7687726888666475       -1.4761606034463255E-4   0.5
0.1977758449306926        0.5                      1.7459618198649878       -1.4746735326710364E-4   0.5
0.19804810140357984       0.5                      1.7234995901712864       -1.4731726936512108E-4   0.5
0.1983203578764669        0.5                      1.7010374246433457       -1.4716718546313863E-4   0.5
0.1985939793751038        0.5                      1.67892463762837         -1.4701574946030855E-4   0.5
0.19886760087374072       0.5                      1.6568119469725389       -1.4686431345747864E-4   0.5
0.19914259424202452       0.5                      1.635049233353584        -1.4671155014749313E-4   0.49999999999999994
0.1994175876103083        0.5                      1.6132866586601722       -1.4655878683750775E-4   0.5
0.1996939597264497        0.5                      1.5918745009826125       -1.4640472107383258E-4   0.5
0.19997033184259108       0.5                      1.5704625155597114       -1.4625065531015754E-4   0.5
0.20024808961928642       0.5                      1.5494012609128731       -1.460953119956904E-4    0.5
0.20052584739598173       0.5                      1.5283402135444248       -1.4593996868122344E-4   0.5
0.20080499778058583       0.5                      1.5076300502632876       -1.4578337275793175E-4   0.49999999999999994
0.20108414816519005       0.5                      1.4869201244807755       -1.4562677683464023E-4   0.49999999999999994
0.20136469813989027       0.5                      1.4665611012383124       -1.4546895327318787E-4   0.49999999999999994
0.20164524811459053       0.5                      1.4462023497310383       -1.4531112971173567E-4   0.5
0.20192720469658088       0.5                      1.426194361416492        -1.451521035011081E-4    0.5
0.2022091612785712        0.5                      1.4061866823988112       -1.449930772904807E-4    0.5
0.20249253152022828       0.5                      1.3865294831925894       -1.4483287342761784E-4   0.5
0.2027759017618854        0.5                      1.366872632660261        -1.446726695647552E-4    0.5
0.20306069275094454       0.5                      1.347565837199454        -1.44511313044202E-4     0.5
0.20334548374000377       0.5                      1.3282594190866348       -1.443499565236489E-4    0.5
0.20363170259973662       0.5                      1.3093024880326993       -1.4418747232723285E-4   0.5
0.20391792145946946       0.5                      1.2903459619724345       -1.440249881308169E-4    0.5
0.2042055753488619        0.5                      1.271738208874467        -1.4386140121736224E-4   0.5
0.20449322923825436       0.5                      1.25313089719657         -1.436978143039077E-4    0.5
0.20478232535218552       0.5                      1.2348714974418726       -1.4353314959899706E-4   0.5
0.20507142146611676       0.5                      1.2166125712140001       -1.4336848489408647E-4   0.5
0.20536196703553913       0.5                      1.19870055213687         -1.432027672798777E-4    0.5
0.20565251260496153       0.5                      1.180789040553691        -1.4303704966566898E-4   0.5
0.20594451489708204       0.5                      1.163223287292567        -1.4287030397077907E-4   0.49999999999999994
0.20623651718920252       0.5                      1.1456580751462297       -1.4270355827588927E-4   0.5
0.20652998350766355       0.5                      1.1284373391263216       -1.4253580926535392E-4   0.5
0.2068234498261247        0.5                      1.1112171760455567       -1.4236806025481863E-4   0.5
0.20711838751118783       0.5                      1.0943400571286475       -1.4219933262013735E-4   0.5
0.2074133251962509        0.5                      1.0774635461857542       -1.4203060498545612E-4   0.5
0.20770974162497946       0.5                      1.0609285167074631       -1.4186092333473284E-4   0.5
0.20800615805370803       0.5                      1.0443941225771596       -1.4169124168400955E-4   0.5
0.20830406064015242       0.5                      1.028199506463352        -1.4152063053219827E-4   0.5
0.20860196322659688       0.5                      1.0120055608604162       -1.41350019380387E-4     0.5
0.20890135942197954       0.5                      0.9961495581696909       -1.4117850313965206E-4   0.49999999999999994
0.2092007556173622        0.5                      0.9802942530411656       -1.410069868989171E-4    0.5
0.20950165291026424       0.5                      0.9647749249420485       -1.4083458986911736E-4   0.5
0.20980255020316627       0.5                      0.9492563233502551       -1.4066219283931768E-4   0.5
0.21010495611971441       0.5                      0.9340715964985975       -1.4048893919862455E-4   0.5
0.21040736203626254       0.5                      0.9188876251914735       -1.4031568555793148E-4   0.5
0.210711284140318         0.5                      0.9040353000696086       -1.4014159935358904E-4   0.5
0.21101520624437353       0.5                      0.8891837555206621       -1.399675131492466E-4    0.5
0.21132065213772055       0.5                      0.8746615088816725       -1.3979261828848412E-4   0.5
0.21162609803106758       0.5                      0.8601400695761185       -1.3961772342772167E-4   0.5
0.21193307535360387       0.5                      0.8459454456210551       -1.3944204366882665E-4   0.5
0.21224005267614024       0.5                      0.8317516565655296       -1.3926636390993163E-4   0.5
0.21254856910606834       0.5                      0.8178820822727175       -1.3908992285349226E-4   0.5
0.2128570855359964        0.5                      0.8040133710990176       -1.3891348179705286E-4   0.5
0.21316714879001497       0.5                      0.7904661533461876       -1.3873630287737895E-4   0.49999999999999994
0.2134772120440335        0.5                      0.7769198225355467       -1.38559123957705E-4     0.5
0.21378882987753112       0.5                      0.7636921522448574       -1.3838123043443518E-4   0.5
0.21410044771102874       0.5                      0.7504653917553696       -1.3820333691116535E-4   0.5
0.21441362791827728       0.5                      0.7375543423509043       -1.38024751861069E-4     0.5
0.21472680812552597       0.5                      0.7246442278913037       -1.378461668109726E-4    0.5
0.2150415585398763        0.5                      0.7120467660570284       -1.376669131199544E-4    0.5
0.21535630895422664       0.5                      0.6994502617867511       -1.3748765942893617E-4   0.49999999999999994
0.21567263744830367       0.5                      0.6871632436973414       -1.3730775978425114E-4   0.49999999999999994
0.2159889659423807        0.5                      0.6748772048495084       -1.371278601395661E-4    0.5
0.21630688042828078       0.5                      0.662897385465385        -1.36947337022252E-4     0.5
0.2166247949141808        0.5                      0.6509185629222429       -1.3676681390493783E-4   0.5
0.21694430334366968       0.5                      0.6392425887524951       -1.3658568958247228E-4   0.5
0.21726381177315862       0.5                      0.6275676344048406       -1.3640456526000668E-4   0.5
0.21758492213787017       0.5                      0.6161920584272593       -1.362228617791965E-4    0.5
0.2179060325025817        0.5                      0.6048175272790104       -1.3604115829838625E-4   0.5
0.21822875283421783       0.5                      0.59373881311285         -1.3585889747849418E-4   0.5
0.21855147316585405       0.5                      0.5826611593265625       -1.3567663665860197E-4   0.5
0.21887581153638547       0.5                      0.5718756729584129       -1.354938400847182E-4    0.49999999999999994
0.21920014990691689       0.5                      0.5610912635349905       -1.353110435108344E-4    0.5
0.2195261144287853        0.5                      0.550595285311374        -1.3512773252749794E-4   0.5
0.21985207895065365       0.5                      0.5401004053883298       -1.3494442154416138E-4   0.5
0.22017967777697459       0.5                      0.529890132777382        -1.3476061724923706E-4   0.5
0.22050727660329553       0.5                      0.519680973889308        -1.345768129543126E-4    0.5
0.22083651792806208       0.5                      0.5097525279702495       -1.3439253619312896E-4   0.5
0.2211657592528285        0.5                      0.4998252119089557       -1.3420825943194525E-4   0.5
0.2214966513111163        0.5                      0.4901746347409244       -1.340235307916979E-4    0.5
0.22182754336940402       0.5                      0.4805252015610222       -1.3383880215145052E-4   0.5
0.2221600944375774        0.5                      0.4711484672775441       -1.3365364195587506E-4   0.5
0.22249264550575076       0.5                      0.4617728815883311       -1.3346848176029954E-4   0.5
0.22282686390166978       0.5                      0.4526658981039872       -1.3328291006461864E-4   0.5
0.2231610822975887        0.5                      0.4435600700451232       -1.3309733836893768E-4   0.5
0.22349697638081678       0.5                      0.43471866615118415      -1.329113749550852E-4    0.49999999999999994
0.22383287046404488       0.5                      0.42587843524916025      -1.3272541154123272E-4   0.5
0.22417044863605856       0.5                      0.41729840266043533      -1.3253907591335865E-4   0.5
0.22450802680807225       0.5                      0.4087195503291241       -1.3235274028548457E-4   0.5
0.22484729751247085       0.5                      0.4003966105597101       -1.3216605166574294E-4   0.5
0.22518656821686936       0.5                      0.39207486048667306      -1.319793630460013E-4    0.5
0.22552753993958613       0.5                      0.384004687748984        -1.3179234037062393E-4   0.5
0.22586851166230287       0.5                      0.3759357170952171       -1.316053176952465E-4    0.5
0.22621119293181757       0.5                      0.36811394777669193      -1.3141797961090365E-4   0.5
0.22655387420133227       0.5                      0.3602933824754473       -1.312306415265608E-4    0.5
0.22689827358888434       0.5                      0.35271559601324043      -1.3104300638701146E-4   0.5
0.22724267297643624       0.5                      0.34513902124649576      -1.3085537124746211E-4   0.5
0.22758879909623886       0.5                      0.3378007703036019       -1.306674571104934E-4    0.5
0.22793492521604158       0.5                      0.3304637367032228       -1.3047954297352462E-4   0.5
0.22828278672549784       0.5                      0.32336053466860903      -1.3029136759818184E-4   0.49999999999999994
0.22863064823495413       0.5                      0.31625855299012073      -1.3010319222283906E-4   0.49999999999999994
0.22898025383487308       0.5                      0.3093858869278847       -1.2991477306694652E-4   0.5
0.22932985943479203       0.5                      0.30251444144482775      -1.2972635391105398E-4   0.5
0.2296812178696063        0.5                      0.2958677688757234       -1.2953770812902576E-4   0.5
0.23003257630442056       0.5                      0.289222321132911        -1.2934906234699753E-4   0.5
0.23038569636240502       0.5                      0.282797080011278        -1.2916020678793767E-4   0.49999999999999994
0.23073881642038951       0.5                      0.2763730669753386       -1.2897135122887782E-4   0.5
0.23109370693388157       0.5                      0.2701646813857223       -1.287823024349687E-4    0.5
0.2314485974473737        0.5                      0.26395752130156325      -1.2859325364105958E-4   0.5
0.23180526729299372       0.5                      0.25796140349530106      -1.2840402784623697E-4   0.5
0.23216193713861374       0.5                      0.2519665073637043       -1.2821480205141435E-4   0.5
0.23252039523748724       0.5                      0.24617805104571744      -1.2802541518032684E-4   0.5
0.23287885333636074       0.5                      0.24039081665364392      -1.278360283092393E-4    0.5
0.23323910865434172       0.5                      0.2348054247240725       -1.276464959764895E-4    0.49999999999999994
0.23359936397232256       0.5                      0.22922124860929216      -1.274569636437398E-4    0.49999999999999994
0.23396142552021704       0.5                      0.22383431117532382      -1.2726730115340514E-4   0.5
0.2343234870681115        0.5                      0.21844859070210987      -1.2707763866307047E-4   0.5
0.23468736390190398       0.5                      0.21325551180234467      -1.268878610084986E-4    0.5
0.23505124073569644       0.5                      0.20806364125519394      -1.2669808335392675E-4   0.49999999999999994
0.23541694195677565       0.5                      0.20305982631953157      -1.2650820521780366E-4   0.49999999999999994
0.23578264317785486       0.5                      0.1980572152735931       -1.2631832708168063E-4   0.5
0.2361501779332415        0.5                      0.19323808251328956      -1.2612836283636638E-4   0.5
0.23651771268862815       0.5                      0.1884201446791849       -1.2593839859105217E-4   0.5
0.23688709017120402       0.5                      0.18378113134986052      -1.2574836229917917E-4   0.49999999999999994
0.23725646765377995       0.5                      0.17914330758981123      -1.2555832600730617E-4   0.49999999999999994
0.23762769710251747       0.5                      0.17467986183919493      -1.2536823142263626E-4   0.49999999999999994
0.23799892655125504       0.5                      0.17021759836165984      -1.2517813683796637E-4   0.49999999999999994
0.23837201725144866       0.5                      0.16592519824462215      -1.249879974065004E-4    0.49999999999999994
0.23874510795164236       0.5                      0.16163397386958422      -1.247978579750345E-4    0.5
0.23912006923514056       0.5                      0.15750812545229562      -1.2460768683636938E-4   0.5
0.2394950305186388        0.5                      0.1533834378751635       -1.2441751569770433E-4   0.5
0.23987187176407765       0.5                      0.1494196708713389       -1.24227325686631E-4     0.5
0.2402487130095165        0.5                      0.14545705549221566      -1.2403713567555772E-4   0.5
0.24062744364255423       0.5                      0.14165093123256156      -1.2384693932389405E-4   0.49999999999999994
0.24100617427559198       0.5                      0.1378459519455646       -1.2365674297223043E-4   0.5
0.24138680376914476       0.5                      0.1341930785306431       -1.234665525108825E-4    0.5
0.24176743326269745       0.5                      0.13054133724722305      -1.2327636204953474E-4   0.5
0.242149971137176         0.5                      0.12703735361492363      -1.2308618941077928E-4   0.5
0.24253250901165457       0.5                      0.12353448792464405      -1.2289601677202398E-4   0.5
0.24291696483520295       0.5                      0.1201750807863391       -1.2270587359200475E-4   0.49999999999999994
0.24330142065875132       0.5                      0.11681677959495573      -1.2251573041198563E-4   0.49999999999999994
0.24368780404748563       0.5                      0.113597676433983        -1.223256280334165E-4    0.49999999999999994
0.24407418743621992       0.5                      0.11037966419780787      -1.221355256548475E-4    0.5
0.244462508054469         0.5                      0.10729664383279669      -1.2194547512991433E-4   0.5
0.244850828672718         0.5                      0.10421470327946736      -1.217554246049813E-4    0.49999999999999994
0.2452410962332655        0.5                      0.10126359816240438      -1.2156543669843451E-4   0.49999999999999994
0.2456313637938131        0.5                      0.098313553888147        -1.2137544879188778E-4   0.49999999999999994
0.24602358805813979       0.5                      0.09549024667239792      -1.2118553398431808E-4   0.49999999999999994
0.2464158123224665        0.5                      0.09266798628323158      -1.2099561917674846E-4   0.5
0.2468100031009951        0.5                      0.08996841878661142      -1.2080578766803645E-4   0.5
0.24720419387952366       0.5                      0.08726987922773333      -1.2061595615932451E-4   0.5
0.2476003610318637        0.5                      0.08469004620610576      -1.2042621787225659E-4   0.5
0.24799652818420365       0.5                      0.08211122680177141      -1.2023647958518875E-4   0.5
0.24839468161939815       0.5                      0.0796471929884319       -1.2004684416923E-4      0.5
0.2487928350545927        0.5                      0.07718415622616703      -1.198572087532712E-4    0.5
0.24919298473136645       0.5                      0.0748320407965366       -1.1966768558848657E-4   0.5
0.2495931344081403        0.5                      0.07248090657412831      -1.1947816242370191E-4   0.5
0.24999529033514833       0.5                      0.07023689843072133      -1.1928876062481746E-4   0.5
0.25039744626215643       0.5                      0.06799385335125407      -1.1909935882593296E-4   0.5
0.250801618498235         0.5                      0.06585420783585505      -1.189100872465271E-4    0.5
0.2512057907343136        0.5                      0.06371550942913018      -1.1872081566712118E-4   0.49999999999999994
0.2516119893887312        0.5                      0.06167654868659156      -1.1853168290393793E-4   0.49999999999999994
0.2520181880431488        0.5                      0.05963851519004493      -1.1834255014075458E-4   0.5
0.25242642327585924       0.5                      0.05769663290311654      -1.1815356453812906E-4   0.5
0.2528346585085698        0.5                      0.0557556616383863       -1.1796457893550339E-4   0.5
0.2532449405304666        0.5                      0.05390732159958132      -1.1777574858989076E-4   0.5
0.25365522255236334       0.5                      0.052059871609344555     -1.1758691824427804E-4   0.5
0.25406756162553457       0.5                      0.050301613040574        -1.1739825100887703E-4   0.5
0.25447990069870574       0.5                      0.04854422544690351      -1.1720958377347586E-4   0.5
0.25489430713669126       0.5                      0.04687265655365991      -1.1702108726293696E-4   0.49999999999999994
0.2553087135746767        0.5                      0.04520193802841277      -1.1683259075239791E-4   0.5
0.25572519774272573       0.5                      0.043613743798687196     -1.1664427234760844E-4   0.5
0.2561416819107747        0.5                      0.04202638255515012      -1.1645595394281886E-4   0.5
0.2565602542261053        0.5                      0.04051832743380145      -1.1626782079575496E-4   0.5
0.2569788265414358        0.5                      0.03901108455715985      -1.1607968764869094E-4   0.5
0.2573994974734952        0.5                      0.03758000074685696      -1.1589174668732793E-4   0.5
0.25782016840555466       0.5                      0.03614971545675871      -1.1570380572596483E-4   0.5
0.2582429484762816        0.5                      0.034792522526913665     -1.1551606365923736E-4   0.5
0.2586657285470084        0.5                      0.03343610282490772      -1.1532832159250982E-4   0.5
0.2590906283310956        0.5                      0.0321497898016787       -1.1514078491531283E-4   0.5
0.25951552811518275       0.5                      0.030864234922091782     -1.1495324823811577E-4   0.5
0.25994255824034207       0.5                      0.029645870409240153     -1.147659232363378E-4    0.5
0.2603695883655014        0.5                      0.02842824446747727      -1.1457859823455982E-4   0.5
0.26079875951272913       0.5                      0.027274984279301855     -1.1439149099014073E-4   0.5
0.261227930659957         0.5                      0.026122437666572296     -1.1420438374572162E-4   0.5
0.2616592535638016        0.5                      0.025031498191310668     -1.1401750014172573E-4   0.5
0.2620905764676462        0.5                      0.023941257933529414     -1.1383061653772985E-4   0.5
0.26252406191647626       0.5                      0.022909947917923994     -1.1364396226342717E-4   0.5
0.2629575473653064        0.5                      0.021879315077285355     -1.134573079891245E-4    0.5
0.2633932062015807        0.5                      0.02090501470911476      -1.1327088854507206E-4   0.5
0.26382886503785496       0.5                      0.01993137559566094      -1.1308446910101964E-4   0.5
0.2642667081583937        0.5                      0.019011546356978208     -1.1289828980413498E-4   0.5
0.26470455127893244       0.5                      0.018092356588795155     -1.1271211050725035E-4   0.5
0.2651445896351897        0.5                      0.017224534339220547     -1.1252617649587046E-4   0.5
0.26558462799144694       0.5                      0.01635733553848695      -1.1234024248449066E-4   0.5
0.26602687258978464       0.5                      0.015539133572019633     -1.1215455872340871E-4   0.5
0.2664691171881223        0.5                      0.014721537946115859     -1.1196887496232679E-4   0.5
0.2669135790900855        0.5                      0.013950648336503942     -1.1178344624779984E-4   0.5
0.2673580409920488        0.5                      0.013180345365299218     -1.1159801753327289E-4   0.5
0.26780473131464244       0.5                      0.012454535533834129     -1.1141284849799437E-4   0.5
0.26825142163723614       0.5                      0.011729292605423325     -1.1122767946271584E-4   0.5
0.26870035155320293       0.5                      0.011046403883028688     -1.1104277458074609E-4   0.49999999999999994
0.26914928146916983       0.5                      0.010364062937242124     -1.1085786969877625E-4   0.5
0.2696004622072701        0.5                      0.009722008064727557     -1.1067323329042505E-4   0.5
0.2700516429453703        0.5                      0.009080485797994697     -1.1048859688207383E-4   0.49999999999999994
0.2705050857906621        0.5                      0.008477255565594533     -1.103042331187298E-4    0.49999999999999994
0.27095852863595393       0.5                      0.007874539907561484     -1.1011986935538569E-4   0.49999999999999994
0.27141424493007615       0.5                      0.007308197449674481     -1.0993578226428598E-4   0.49999999999999994
0.2718699612241985        0.5                      0.006742350899912708     -1.0975169517318613E-4   0.5
0.27232796236565415       0.5                      0.006211024277945396     -1.0956788864212239E-4   0.5
0.2727859635071097        0.5                      0.005680177072008519     -1.0938408211105856E-4   0.5
0.2732462609515507        0.5                      0.00518207206187071      -1.0920055989301376E-4   0.5
0.2737065583959917        0.5                      0.004684429462031403     -1.0901703767496885E-4   0.49999999999999994
0.274169163656506         0.5                      0.004217815264837554     -1.0883380339268028E-4   0.49999999999999994
0.27463176891702024       0.5                      0.003751651182255955     -1.0865056911039161E-4   0.5
0.2750966935644195        0.5                      0.0033148662564599345    -1.0846762626083639E-4   0.5
0.2755616182118188        0.5                      0.0028785161921405233    -1.0828468341128101E-4   0.5
0.2760288738749278        0.5                      0.0024699710488675906    -1.0810203537007959E-4   0.5
0.2764961295380369        0.5                      0.0020618411456325703    -1.0791938732887798E-4   0.5
0.27696572790398455       0.5                      0.0016800020548544106    -1.0773703735461254E-4   0.5
0.27743532626993206       0.5                      0.0012985650116661418    -1.0755468738034699E-4   0.5
0.27790727908444335       0.5                      9.419656757927422E-4     -1.0737263861879127E-4   0.5
0.2783792318989547        0.5                      5.857545247636153E-4     -1.0719058985723537E-4   0.5
0.278853550966645         0.5                      2.529951098040323E-4     -1.070088453454927E-4    0.5
0.2793278700343352        0.5                      -7.939434044601512E-5    -1.0682710083374989E-4   0.5
0.2798045672190051        0.5                      -3.8966080091995536E-4   -1.0664566350429729E-4   0.5
0.28028126440367507       0.5                      -6.995699827712087E-4    -1.0646422617484458E-4   0.5
0.28076035162860735       0.5                      -9.886261109386392E-4    -1.0628309885948021E-4   0.5
0.28123943885353964       0.5                      -0.0012773391797509248   -1.0610197154411582E-4   0.5
0.2817209281017974        0.5                      -0.0015464114217138576   -1.0592115697780782E-4   0.5
0.28220241735005536       0.5                      -0.0018151538454276306   -1.0574034241149971E-4   0.5
0.28268632066478194       0.5                      -0.002065412447336713    -1.0555984323613449E-4   0.5
0.28317022397950836       0.5                      -0.0023153517279297375   -1.053793440607693E-4    0.5
0.2836565534642281        0.5                      -0.002547913594753483    -1.0519916282879845E-4   0.5
0.28414288294894796       0.5                      -0.002780169547577316    -1.050189815968276E-4    0.5
0.28463165076786956       0.5                      -0.0029960983342789405   -1.0483912077481127E-4   0.49999999999999994
0.28512041858679105       0.5                      -0.0032117304979237815   -1.0465925995279506E-4   0.5
0.28561163696511116       0.5                      -0.0034120353548132702   -1.04479721924842E-4     0.5
0.2861028553434313        0.5                      -0.0036120575089171325   -1.0430018389688902E-4   0.5
0.28659653656764095       0.5                      -0.003797701241182949    -1.0412097096799149E-4   0.49999999999999994
0.28709021779185073       0.5                      -0.003983072928349429    -1.0394175803909407E-4   0.5
0.2875863742100422        0.5                      -0.004154969089995576    -1.0376287243835835E-4   0.5
0.28808253062823364       0.5                      -0.004326608771862084    -1.035839868376228E-4    0.5
0.28858117465040956       0.5                      -0.004485626566747669    -1.0340543072139428E-4   0.5
0.2890798186725854        0.5                      -0.0046443950425327785   -1.0322687460516594E-4   0.5
0.2895809627709688        0.5                      -0.004791357078829606    -1.0304865006004969E-4   0.5
0.2900821068693522        0.5                      -0.004938081184491239    -1.0287042551493364E-4   0.5
0.2905857635786989        0.5                      -0.0050737666956592875   -1.0269253456070992E-4   0.49999999999999994
0.29108942028804574       0.5                      -0.005209221669474573    -1.0251464360648641E-4   0.49999999999999994
0.2915956022059578        0.5                      -0.005334370102445973    -1.0233708819892262E-4   0.49999999999999994
0.2921017841238699        0.5                      -0.005459295667264996    -1.02159532791359E-4     0.5
0.2926105039111103        0.5                      -0.00557460195659587     -1.0198231482491814E-4   0.5
0.29311922369835075       0.5                      -0.0056896977642963975   -1.0180509685847742E-4   0.5
0.2936304940791606        0.5                      -0.005795823772587028    -1.0162821816892422E-4   0.5
0.2941417644599705        0.5                      -0.005901748166593279    -1.0145133947937114E-4   0.5
0.294655598222387         0.5                      -0.005999314072141715    -1.0127480184627736E-4   0.5
0.2951694319848035        0.5                      -0.006096686870250778    -1.0109826421318367E-4   0.5
0.2956858419809797        0.5                      -0.006186283520946746    -1.0092206936233338E-4   0.5
0.296202251977156         0.5                      -0.006275694284340716    -1.0074587451148317E-4   0.5
0.29672125112368264       0.5                      -0.006357871497129963    -1.0057002411717976E-4   0.5
0.2972402502702094        0.5                      -0.006439871086058702    -1.0039417372287643E-4   0.49999999999999994
0.29776185154843793       0.5                      -0.0065151513681485085   -1.0021866941015306E-4   0.49999999999999994
0.2982834528266664        0.5                      -0.006590261479345827    -1.0004316509742976E-4   0.5
0.29880766928303304       0.5                      -0.006659133782932258    -9.9868008444165E-5      0.5
0.29933188573939973       0.5                      -0.00672784192056497     -9.969285179090026E-5    0.5
0.2998587304857526        0.5                      -0.006790765855157588    -9.951804432984042E-5    0.49999999999999994
0.3003855752321055        0.5                      -0.006853535875961825    -9.934323686878059E-5    0.5
0.30091506144603214       0.5                      -0.00691094289436478     -9.916878008947157E-5    0.5
0.30144454765995876       0.5                      -0.0069682008893323655   -9.899432331016255E-5    0.5
0.30197668858511584       0.5                      -0.007020500946282482    -9.882021866079248E-5    0.5
0.3025088295102728        0.5                      -0.00707265312837535     -9.864611401142238E-5    0.49999999999999994
0.30304363845671756       0.5                      -0.007120220718661585    -9.847236290057785E-5    0.49999999999999994
0.3035784474031622        0.5                      -0.007167646235643588    -9.829861178973327E-5    0.5
0.30411593774768464       0.5                      -0.007210836396325249    -9.812521558807135E-5    0.5
0.3046534280922071        0.5                      -0.007253891952359481    -9.795181938640937E-5    0.5
0.3051936132786657        0.5                      -0.007293036325791036    -9.777877942824732E-5    0.5
0.30573379846512416       0.5                      -0.0073320504524190255   -9.760573947008525E-5    0.5
0.3062766920047812        0.5                      -0.007367460538716841    -9.743305705491118E-5    0.5
0.3068195855444382        0.5                      -0.02366751326053418     -9.726037463973712E-5    0.5
0.30805706517841225       0.5                      -0.039943295890452646    -9.68712826920844E-5     0.5
0.3092945448123864        0.5                      -0.041026546587886514    -9.64821907444316E-5     0.5
0.3105790045169564        0.5                      -0.04209184514002118     -9.608484850539957E-5    0.5
0.31186346422152644       0.5                      -0.043192079169557474    -9.568750626636753E-5    0.5
0.31319668756304175       0.5                      -0.044275685113461805    -9.528193517019376E-5    0.5
0.31452991090455706       0.5                      -0.045393602110721076    -9.487636407402011E-5    0.5
0.3159137491612475        0.5                      -0.04649610211617983     -9.446259790543154E-5    0.5
0.3172975874179378        0.5                      -0.04763208796646268     -9.4048831736843E-5      0.5
0.318733962150549         0.5                      -0.04875373776098968     -9.362691706346606E-5    0.5
0.3201703368831601        0.5                      -0.049907832783333106    -9.320500239008914E-5    0.5
0.3216612426031812        0.5                      -0.05104853371426543     -9.277499897112707E-5    0.5
0.3231521483232022        0.5                      -0.05222040487535651     -9.234499555216502E-5    0.5
0.3246996552623911        0.5                      -0.05337968204230492     -9.190697671936654E-5    0.49999999999999994
0.32624716220158          0.5                      -0.05456860570734534     -9.146895788656815E-5    0.5
0.3278534191866322        0.5                      -0.05574558906141647     -9.102301089337369E-5    0.5
0.32945967617168437       0.5                      -0.05695043173545855     -9.057706390017925E-5    0.5
0.33112691360803537       0.5                      -0.05814384646623694     -9.012329023485034E-5    0.5
0.33279415104438637       0.5                      -0.05936305201134928     -8.966951656952144E-5    0.5
0.33452468401329366       0.5                      -0.06057120826267237     -8.920803222804257E-5    0.5
0.33625521698220096       0.5                      -0.06180279417367274     -8.87465478865635E-5     0.5
0.33805144845540347       0.5                      -0.06302358512789397     -8.827748360116516E-5    0.5
0.3398476799286059        0.5                      -0.06426513970779979     -8.780841931576642E-5    0.5
0.3417121041050261        0.5                      -0.06549604271299359     -8.733192073504982E-5    0.5
0.3435765282814464        0.5                      -0.06674472818281174     -8.685542215433305E-5    0.5
0.3455117340505686        0.5                      -0.06798280874090779     -8.637164997118811E-5    0.5
0.34744693981969077       0.5                      -0.06923536874455749     -8.588787778804322E-5    0.5
0.3494556143564233        0.5                      -0.07047729074952258     -8.539700781182911E-5    0.5
0.3514642888931558        0.5                      -0.07173006304947194     -8.490613783561502E-5    0.5
0.3535492213891704        0.5                      -0.07297209906028002     -8.44083610054208E-5     0.5
0.3556341538851848        0.5                      -0.07422103009093917     -8.391058417522661E-5    0.5
0.3577982394219131        0.5                      -0.07545908031465842     -8.340610651143005E-5    0.5
0.35996232495864144       0.5                      -0.07669974338330121     -8.29016288476336E-5     0.5
0.36220856852730804       0.5                      -0.07792934989765854     -8.239067133942354E-5    0.5
0.36445481209597475       0.5                      -0.07915697074190575     -8.187971383121344E-5    0.5
0.36678633277024736       0.5                      -0.08037334251616812     -8.136251225822092E-5    0.5
0.36911785344451986       0.5                      -0.08158282310694176     -8.084531068522818E-5    0.49999999999999994
0.3715378887115711        0.5                      -0.0827808593833197      -8.032211537191869E-5    0.5
0.37395792397862254       0.5                      -0.08396680774455945     -7.979892005860923E-5    0.5
0.37646983423461844       0.5                      -0.08514112660418505     -7.926999556061141E-5    0.5
0.3789817444906144        0.5                      -0.08629788900452695     -7.874107106261362E-5    0.5
0.38158901770687037       0.5                      -0.08744285787747685     -7.820669578468542E-5    0.5
0.38419629092312635       0.5                      -0.0885645578691765      -7.767232050675706E-5    0.5
0.3869025474894106        0.5                      -0.08967433055431684     -7.713278625262149E-5    0.5
0.38960880405569487       0.5                      -0.0907549069002016      -7.659325199848576E-5    0.5
0.39241780180740476       0.5                      -0.09182346132411112     -7.604886345330842E-5    0.5
0.39522679955911466       0.5                      -0.09285671410975738     -7.55044749081309E-5     0.5
0.3981424389953066        0.5                      -0.09387789726088158     -7.495554905493231E-5    0.5
0.4010580784314987        0.5                      -0.09485753776061756     -7.440662320173351E-5    0.5
0.404084408131016         0.5                      -0.0958251137606112      -7.385348867355903E-5    0.5
0.40711073783053353       0.5                      -0.09674481785225453     -7.330035414538472E-5    0.49999999999999994
0.4102519600737554        0.5                      -0.09765252071724717     -7.274335051557207E-5    0.49999999999999994
0.4133931823169773        0.5                      -0.09850598747061667     -7.218634688576023E-5    0.5
0.41665365892099215       0.5                      -0.09934758021677226     -7.162582389916224E-5    0.5
0.41991413552500706       0.5                      -0.10012859554160514     -7.106530091256446E-5    0.5
0.4232983939003156        0.5                      -0.10089793097449729     -7.050161766107614E-5    0.5
0.42668265227562396       0.5                      -0.10160043518715156     -6.99379344095876E-5     0.5
0.43019539171277926       0.5                      -0.10229152467354652     -6.937145845582209E-5    0.5
0.43370813114993456       0.5                      -0.10290968352558139     -6.880498250205621E-5    0.5
0.4373542293448517        0.5                      -0.10351676618165584     -6.823608895546856E-5    0.5
0.44100032753976887       0.5                      -0.10404504522227853     -6.766719540888058E-5    0.5
0.44478484736676327       0.5                      -0.10456266190385577     -6.709626595907922E-5    0.5
0.44856936719375745       0.5                      -0.10499590202914533     -6.652533650927767E-5    0.5
0.4524975637357155        0.5                      -0.10541897035886905     -6.595275842165986E-5    0.5
0.45642576027767345       0.5                      -0.10575246670737215     -6.538018033404194E-5    0.5
0.46050308812312046       0.5                      -0.10607635751830458     -6.480634541325438E-5    0.5
0.4645804159685674        0.5                      -0.10630593517123543     -6.423251049246695E-5    0.5
0.4688125367857635        0.5                      -0.1065265489196463      -6.365781401949545E-5    0.5
0.4730446576029596        0.5                      -0.10664863632746346     -6.308311754652464E-5    0.49999999999999994
0.4774374480015401        0.5                      -0.10676247639094072     -6.250795719547837E-5    0.49999999999999994
0.4818302384001206        0.5                      -0.1067741792205652      -6.193279684443208E-5    0.5
0.48638979809119887       0.5                      -0.1067784212270908      -6.135757158527567E-5    0.5
0.4909493577822769        0.5                      -0.1066775856257891      -6.078234632611876E-5    0.5
0.49568201804834033       0.5                      -0.10657014325443015     -6.020745531976097E-5    0.5
0.5004146783144038        0.5                      -0.1063554157389035      -5.963256431340316E-5    0.49999999999999994
0.505327010800762         0.5                      -0.10613499714099817     -5.905840580559643E-5    0.49999999999999994
0.5102393432871204        0.5                      -0.10580587280890086     -5.8484247297789734E-5   0.5
0.5153381691271177        0.5                      -0.10547202907878273     -5.791121751832374E-5    0.5
0.5204369949671148        0.5                      -0.10502889075439725     -5.7338187738858624E-5   0.5
0.5257293942537717        0.5                      -0.1045820534206996      -5.676667981247135E-5    0.5
0.5310217935404284        0.5                      -0.10402619687249626     -5.6195171886084E-5      0.5
0.5365151151576695        0.5                      -0.10346770251248927     -5.562557476138071E-5    0.49999999999999994
0.5420084367749107        0.5                      -0.10280134927381823     -5.505597763667694E-5    0.5
0.5477103086020294        0.5                      -0.10213345097486126     -5.448867503919376E-5    0.5
0.5534121804291476        0.5                      -0.10135974457182328     -5.3921372441711004E-5   0.5
0.5593305199326726        0.5                      -0.10058560814400153     -5.3356741857004364E-5   0.5
0.5652488594361975        0.5                      -0.09970859592669967     -5.279211127229695E-5    0.49999999999999994
0.5713918846638771        0.5                      -0.09883228071930716     -5.2230522964648155E-5   0.5
0.5775349098915568        0.5                      -0.09785687897419848     -5.1668934656999604E-5   0.5
0.5839111508837191        0.5                      -0.09688330283552204     -5.111075072900125E-5    0.5
0.5902873918758811        0.5                      -0.09581524603351        -5.05525668010031E-5     0.5
0.5969057025100191        0.5                      -0.09475013454448344     -4.9998140298880374E-5   0.5
0.6035240131441568        0.5                      -0.09359590943051899     -4.9443713796757847E-5   0.5
0.610393583429186         0.5                      -0.09244572949990015     -4.889338786587017E-5    0.5
0.617263153714215         0.5                      -0.09121249535661491     -4.83430619349828E-5     0.5
0.6243935225514738        0.5                      -0.08998437589298192     -4.779716902948605E-5    0.5
0.6315238913887327        0.5                      -0.0886798722247022      -4.725127612398881E-5    0.5
0.6389249598174456        0.5                      -0.08738151207910505     -4.671013727413815E-5    0.5
0.6463260282461583        0.5                      -0.08601395516467392     -4.616899842428774E-5    0.5
0.6540080731917528        0.5                      -0.08465352082873778     -4.563292256436504E-5    0.5
0.6616901181373473        0.5                      -0.08323149305465449     -4.509684670444205E-5    0.5
0.6696638066817183        0.5                      -0.0818175083436472      -4.456613006375094E-5    0.5
0.6776374952260896        0.5                      -0.08034984218903674     -4.4035413423059466E-5   0.5
0.6859138994196234        0.5                      -0.07889107295670783     -4.35103389818934E-5     0.49999999999999994
0.6941903036131573        0.5                      -0.07738673192113765     -4.298526454072749E-5    0.5
0.7027809158490843        0.5                      -0.07589206873547027     -4.24661015526948E-5     0.5
0.7113715280850114        0.5                      -0.07436002903415329     -4.1946938564662426E-5   0.5
0.720288277057436         0.5                      -0.07283836968576907     -4.1433942146185715E-5   0.5
0.7292050260298601        0.5                      -0.07128750551333951     -4.092094572770941E-5    0.5
0.7384602932976241        0.5                      -0.069747641426261       -4.041435651501373E-5    0.5
0.7477155605653878        0.5                      -0.06818661536584614     -3.990776730231737E-5    0.5
0.7573221977447739        0.5                      -0.06663712357271834     -3.940781117568906E-5    0.5
0.7669288349241599        0.5                      -0.06507428616237121     -3.890785504906082E-5    0.5
0.7769001815343004        0.5                      -0.06352342985917403     -3.841474292368668E-5    0.5
0.7868715281444404        0.5                      -0.061966728861989395    -3.792163079831283E-5    0.49999999999999994
0.7972214301302165        0.5                      -0.060422368337640364    -3.74355584805211E-5     0.49999999999999994
0.8075713321159925        0.5                      -0.05887927035530538     -3.694948616272878E-5    0.5
0.8183141610741431        0.5                      -0.0573487855433541      -3.647063427002734E-5    0.5
0.8290569900322936        0.5                      -0.055826210530710796    -3.59917823773265E-5     0.49999999999999994
0.8402076631674293        0.5                      -0.05431643680560683     -3.552031632025361E-5    0.49999999999999994
0.8513583363025644        0.5                      -0.052820706438922116    -3.504885026318065E-5    0.5
0.8629323371407975        0.5                      -0.0513378839032157      -3.458492028655346E-5    0.5
0.8745063379790303        0.5                      -0.04987468409279927     -3.412099030992618E-5    0.5
0.8865197378679867        0.5                      -0.04842442104302336     -3.366473159081277E-5    0.5
0.8985331377569431        0.5                      -0.0469987777741494      -3.3208472871699335E-5   0.5
0.9110026181820028        0.5                      -0.045586027409967755    -3.2760005671138965E-5   0.5
0.9234720986070625        0.5                      -0.04420229624395233     -3.231153847057866E-5    0.49999999999999994
0.9364149743548251        0.5                      -0.04283134659397092     -3.187096833582624E-5    0.49999999999999994
0.9493578501025874        0.5                      -0.04149321415007989     -3.1430398201074005E-5   0.5
0.9627920933037208        0.5                      -0.04016769010081589     -3.099781621496453E-5    0.5
0.9762263365048542        0.5                      -0.03887818645165453     -3.056523422885486E-5    0.49999999999999994
0.9901706015897134        0.5                      -0.03760106244419603     -3.0140717302730647E-5   0.49999999999999994
1.0041148666745727        0.5                      -0.03636258333824571     -2.971620037660621E-5    0.5
1.018588516276243         0.5                      -0.03513620586545585     -2.9299811583140683E-5   0.5
1.0330621658779124        0.5                      -0.03395054296692024     -2.8883422789675124E-5   0.5
1.0480852977186426        0.5                      -0.03277666076087371     -2.8475211731837495E-5   0.5
1.063108429559372         0.5                      -0.03164503847534661     -2.8067000673999872E-5   0.5
1.0787019043577333        0.5                      -0.03052483932708583     -2.7667003886386843E-5   0.5
1.0942953791560945        0.5                      -0.029447956711919687    -2.7267007098774105E-5   0.5
1.1104808495936158        0.5                      -0.028382109344534       -2.687524847756415E-5    0.5
1.1266663200311369        0.5                      -0.02736018565167342     -2.6483489856354363E-5   0.5
1.1434662608186397        0.5                      -0.02634888480417885     -2.6099981114125115E-5   0.5
1.160266201606142         0.5                      -0.02538170715428123     -2.571647237189563E-5    0.5
1.17770394069152          0.5                      -0.02442472106463356     -2.5341213513662263E-5   0.5
1.1951416797768981        0.5                      -0.023511693014938828    -2.4965954655428916E-5   0.5
1.213241430737682         0.5                      -0.02260841166469163     -2.45989344723516E-5     0.5
1.2313411816984656        0.5                      -0.021748601921075306    -2.423191428927424E-5    0.5
1.250128077364149         0.5                      -0.020898085201736194    -2.3873110866552558E-5   0.49999999999999994
1.268914973029832         0.5                      -0.020090274922125673    -2.351430744383059E-5    0.5
1.2884151003806443        0.5                      -0.01929129968397092     -2.3163688679508638E-5   0.5
1.3079152277314559        0.5                      -0.018534028303378136    -2.2813069915186982E-5   0.5
1.3281556641220442        0.5                      -0.017785133536676767    -2.2470594046719157E-5   0.5
1.3483961005126326        0.5                      -0.017076741910045712    -2.2128118178251526E-5   0.5
1.369404951270953         0.5                      -0.01637627167752953     -2.1793734313846612E-5   0.5
1.3904138020292738        0.5                      -0.015714942440354207    -2.1459350449441313E-5   0.5
1.4122202394828964        0.5                      -0.015061085599313628    -2.113299910136154E-5    0.5
1.4340266769365193        0.5                      -0.014444880492789025    -2.0806647753281837E-5   0.5
1.4566609809205397        0.5                      -0.0138357076367015      -2.048826137051266E-5    0.5
1.4792952849045597        0.5                      -0.013262601185999756    -2.0169874987743613E-5   0.5
1.5027888848073687        0.5                      -0.012696097950879448    -1.9859378485568618E-5   0.5
1.5262824847101788        0.5                      -0.012164007954055478    -1.954888198339373E-5    0.5
1.5506680031154705        0.5                      -0.01163810509541463     -1.9246193267773965E-5   0.5
1.5750535215207624        0.5                      -0.011144919294935107    -1.894350455215392E-5    0.5
1.6003648195063769        0.5                      -0.01065751899972156     -1.864853503669163E-5    0.5
1.625676117491991         0.5                      -0.010201119142408288    -1.835356552122967E-5    0.5
1.6519483416485028        0.5                      -0.009750118817407838    -1.8066220635300604E-5   0.49999999999999994
1.6782205658050144        0.5                      -0.009328399272618526    -1.7778875749371206E-5   0.5
1.7054901970393463        0.5                      -0.008911709533379053    -1.7499055434471666E-5   0.5
1.7327598282736787        0.5                      -0.008522600410373116    -1.7219235119572387E-5   0.5
1.761064732465513         0.5                      -0.008138169373069104    -1.6946834317455512E-5   0.5
1.7893696366573473        0.5                      -0.00777962927753606     -1.667443351533852E-5    0.5
1.8187491172386712        0.5                      -0.007425429354555035    -1.6409342627228142E-5   0.5
1.8481285978199953        0.5                      -0.0070955354296131645   -1.614425173911768E-5    0.5
1.8786234503507948        0.5                      -0.0067696751530093024   -1.588635712736577E-5    0.5
1.9091183028815932        0.5                      -0.0064663549363501716   -1.562846251561405E-5    0.5
1.9407708716974743        0.5                      -0.006166728093603524    -1.537764678422464E-5    0.5
1.9724234405133552        0.5                      -0.005888729558591876    -1.5126831052835195E-5   0.5
2.0052776775237557        0.5                      -0.005614287816342767    -1.4882974034244124E-5   0.5
2.038131914534156         0.5                      -0.00535791507499539     -1.463911701565305E-5    0.5
2.0722334402527887        0.5                      -0.005104316929362085    -1.4402094270749536E-5   0.5
2.1063349659714206        0.5                      -0.004874309213619199    -1.4165071525845933E-5   0.5
2.141731132863698         0.5                      -0.004648618644694125    -1.3934761046872771E-5   0.5
2.1771272997559743        0.5                      -0.004422675910831231    -1.3704450567899715E-5   0.49999999999999994
2.2138672579913727        0.5                      -0.00419472855588765     -1.3480712790315605E-5   0.5
2.250607216226771         0.5                      -0.004037216676266553    -1.3256975012731414E-5   0.5
2.2887419819274424        0.5                      -0.003897784655009673    -1.3039717413846027E-5   0.5
2.3268767476281136        0.5                      -0.0036008952864676758   -1.2822459814960698E-5   0.49999999999999994
2.366459273708502         0.5                      -0.0032553933191366013   -1.2611438160454982E-5   0.49999999999999994
2.4060417997888917        0.5                      -0.00345586858470881     -1.2400416505949293E-5   0.49999999999999994
2.447127049484739         0.5                      -0.0038216208506867133   -1.2195840463286773E-5   0.5
2.488212299180587         0.5                      -0.002585485864585735    -1.1991264420624232E-5   0.5
2.5308573223694024        0.5                      -8.458846050700679E-4    -1.1792030440815675E-5   0.5
2.573502345558217         0.5                      -0.003834580652835484    -1.159279646100706E-5    0.5
2.6177663579772164        0.5                      -0.008214778803591114    -1.1401496400983296E-5   0.5
2.6620303703962156        0.5                      0.0016224731969742834    -1.1210196340959602E-5   0.5
2.707974835867701         0.5                      0.014297635885668571     -1.1012089955576468E-5   0.49999999999999994
2.7539193013391867        0.5                      -0.03642619259690605     -1.0813983570193322E-5   0.5
2.801608017117573         0.5                      -0.09714572282331352     -1.0763952594962626E-5   0.5
2.849296732895958         0.5                      0.2879929462224169       -1.0713921619731878E-5   0.49999999999999994
2.898795918254924         0.5                      0.880459826381639        -9.683952288856471E-6    0.49999999999999994
2.9482951036138894        0.5                      0.8432391843328588       -8.653982957981144E-6    0.5
2.9508803484331936        0.5                      0.624707176151901        -8.411006318155361E-6    0.5
2.9534655932524996        0.5                      0.6515453121487269       -8.168029678329546E-6    0.5
2.956050838071806         0.5                      0.6780892330018844       -7.889104324004036E-6    0.5
2.958636082891112         0.5                      0.7042451213534378       -7.610178969678529E-6    0.5
2.9612213277104167        0.5                      0.7292243513237793       -7.292412054815863E-6    0.5
2.963806572529722         0.5                      0.7533913840543818       -6.9746451399531506E-6   0.5
2.9663918173490287        0.5                      0.775610843092764        -6.6153449018817725E-6   0.5
2.9689770621683333        0.5                      0.7966650937906223       -6.256044663810467E-6    0.5
2.971562306987639         0.5                      0.8151716478119795       -5.8528493122767E-6      0.49999999999999994
2.974147551806945         0.5                      0.8322607282641457       -5.449653960742919E-6    0.49999999999999994
2.97673279662625          0.5                      0.846429058130056        -5.000631853485643E-6    0.49999999999999994
2.979318041445555         0.5                      0.8590554236984502       -4.551609746228432E-6    0.49999999999999994
2.9819032862648607        0.5                      0.8686645088229312       -4.055321466121259E-6    0.49999999999999994
2.984488531084167         0.5                      0.8767575618146211       -3.5590331860139837E-6   0.49999999999999994
2.987073775903473         0.5                      0.882052850100493        -3.0145472922526764E-6   0.5
2.989659020722778         0.5                      0.8860253905279691       -2.470061398491333E-6    0.5
2.992244265542083         0.5                      0.8877633901531254       -1.87691730312302E-6     0.5
2.994829510361389         0.5                      0.8885498644464231       -1.2837732077547582E-6   0.5
2.9974147551806944        0.5                      0.8880242339566491       -6.418866300917837E-7    0.5
3                         0.5                      0.8876435287447917       -5.242879999999971E-14   0.5
